{
  "T_star": 0.7142857142857143,
  "sqrt_half": 0.7071067811865476,
  "gap": 0.007178933099166729,
  "gap_percent": 1.0152544552210596,
  "CREATE": 5,
  "HARMONY": 7,
  "wobble_quantum": {
    "formula": "pi*sigma / CREATE^2",
    "value": 0.12566370614359174
  },
  "wobble_correction_fraction": 0.02,
  "M2_0pp": {
    "Regge": 6.283185307179586,
    "effective": 6.283185307179586
  },
  "M2_2pp": {
    "Regge": 12.566370614359172,
    "effective": 12.315043202071989,
    "correction": -0.2513274122871838
  },
  "formula": "M^2_eff(J++) = pi*sigma * [(2+J) - J/CREATE^2]",
  "result": "m(0++)/m(2++) = sqrt(25/49) = 5/7 = T*",
  "three_derivations": {
    "1_ring_arithmetic": "T* = CREATE/HARMONY = 5/7 (proved)",
    "2_casimir_scaling": "N/(N+2) at N=CREATE=5 = T*",
    "3_regge_wobble": "sqrt(1/2) + wobble(-J*pi*sigma/CREATE^2) = T*"
  }
}