{
  "T_star": 0.7142857142857143,
  "fejer_sinc2_convergence": {
    "levels": [
      2,
      5,
      10,
      20,
      50,
      100
    ],
    "max_errors": {
      "2": 0.40993672565125516,
      "5": 0.7705694691387023,
      "10": 0.967531209275079,
      "20": 0.967531209275079,
      "50": 0.967531209275079,
      "100": 0.967531209275079
    },
    "rate": "O(1/k)"
  },
  "bridge_conjecture": "F1: First-G (Fejer) -> Montgomery (sinc^2) via unconditional equidistribution",
  "options_to_close": [
    "Option A: unconditional equidistribution",
    "Option B: quantitative off-line exclusion",
    "Option C: Fejer universality"
  ],
  "current_status": {
    "D_KS_over_T_star": 0.102,
    "rho_locking": 1.014,
    "sigma_from_GUE": 0.43,
    "off_line_detectable_at_N": "> 10^100 for epsilon=0.01"
  }
}