{
  "T_star": 0.7142857142857143,
  "CREATE": 5,
  "HARMONY": 7,
  "casimir_scaling": {
    "SU(2)": {
      "ratio": 0.5,
      "T_star_diff": -0.2142857142857143
    },
    "SU(3)": {
      "ratio": 0.6,
      "T_star_diff": -0.11428571428571432
    },
    "SU(4)": {
      "ratio": 0.6666666666666666,
      "T_star_diff": -0.04761904761904767
    },
    "SU(5)": {
      "ratio": 0.7142857142857143,
      "T_star_diff": 0.0
    },
    "SU(6)": {
      "ratio": 0.75,
      "T_star_diff": 0.0357142857142857
    },
    "SU(7)": {
      "ratio": 0.7777777777777778,
      "T_star_diff": 0.06349206349206349
    }
  },
  "lattice_data": {
    "SU(2)": {
      "m0pp_over_sqsig": 4.72,
      "m2pp_over_sqsig": 6.88,
      "ratio": 0.686046511627907
    },
    "SU(3)": {
      "m0pp_over_sqsig": 4.33,
      "m2pp_over_sqsig": 6.0,
      "ratio": 0.7216666666666667
    },
    "SU(4)": {
      "m0pp_over_sqsig": 4.12,
      "m2pp_over_sqsig": 5.72,
      "ratio": 0.7202797202797203
    },
    "SU(5)": {
      "m0pp_over_sqsig": 4.01,
      "m2pp_over_sqsig": 5.6,
      "ratio": 0.7160714285714286
    },
    "SU(inf)": {
      "m0pp_over_sqsig": 3.8,
      "m2pp_over_sqsig": 5.3,
      "ratio": 0.7169811320754716
    }
  },
  "physical_ratio": 0.7307692307692307,
  "bridge_conjecture": "F3: m(0++)/m(2++) = N/(N+2); at N=5 = CREATE = T*",
  "hard_wall": "Casimir scaling not proved non-perturbatively; requires full YM mass gap",
  "SU5_exact": "At N=5 (=CREATE), Casimir scaling gives T* exactly"
}