{
  "N_zeros_used": 200,
  "N_max_li": 20,
  "lambdas": [
    0.021034860317436177,
    0.08410234441740938,
    0.189091305420807,
    0.33581697679543865,
    0.5240216874493238,
    0.7533758582603627,
    1.0234792754682072,
    1.3338626350852747,
    1.6839893512432484,
    2.073257620185084,
    2.5010027304463325,
    2.966499608649093,
    3.4689655892625604,
    4.007563395671075,
    4.581404318938642,
    5.189551579772812,
    5.831023858374607,
    6.504798976118798,
    7.209817712344188,
    7.94498773894927
  ],
  "all_positive": true,
  "T_star": 0.7142857142857143,
  "bridge_idea": "lambda_n = integral R_2 * phi_n with phi_n >= 0; Fejer -> R_2 >= 0 => lambda_n >= 0 => RH"
}