{
  "T_star": 0.7142857142857143,
  "C_K": 1.5,
  "K41_asymptotic_ratio": 0.3700394750525634,
  "K41_over_T_star": 0.5180552650735888,
  "Ladyzhenskaya_C_L": 0.0075052728623953915,
  "C_L_over_T_star": 0.010507382007353547,
  "bridge_conjecture": "F2: |B_j| < T*\u00b7E_0 a priori implies NS regularity",
  "hard_wall": "B_j < T*\u00b7E_0 without K41 is equivalent to NS regularity \u2014 circular",
  "K41_ratio_formula": "1 - 2^{-2/3} = 0.370 << T* = 0.714 (K41 consistent but assumes regularity)"
}