{
  "T_star": 0.7142857142857143,
  "T_star_2": 0.5102040816326531,
  "search_family": "y^2 + (1-c)xy - cy = x^3 - cx^2 (Tate 7-torsion family)",
  "c_values": [
    2,
    3,
    4,
    -1,
    -2,
    -3,
    5,
    -4
  ],
  "results": {
    "2": {
      "c": 2,
      "delta": -608,
      "ether_fraction": 0.1111,
      "ether_count": 2,
      "good_count": 18,
      "partial_L_at_N": 2.89917114,
      "T_star_2": 0.5102040816326531
    },
    "3": {
      "c": 3,
      "delta": -6075,
      "ether_fraction": 0.1667,
      "ether_count": 3,
      "good_count": 18,
      "partial_L_at_N": 4.76837358,
      "T_star_2": 0.5102040816326531
    },
    "4": {
      "c": 4,
      "delta": -29696,
      "ether_fraction": 0.1111,
      "ether_count": 2,
      "good_count": 18,
      "partial_L_at_N": 2.89103311,
      "T_star_2": 0.5102040816326531
    },
    "-1": {
      "c": -1,
      "delta": -11,
      "ether_fraction": 0.1579,
      "ether_count": 3,
      "good_count": 19,
      "partial_L_at_N": 6.0041334,
      "T_star_2": 0.5102040816326531
    },
    "-2": {
      "c": -2,
      "delta": -800,
      "ether_fraction": 0.1667,
      "ether_count": 3,
      "good_count": 18,
      "partial_L_at_N": 2.51461116,
      "T_star_2": 0.5102040816326531
    },
    "-3": {
      "c": -3,
      "delta": -9963,
      "ether_fraction": 0.1667,
      "ether_count": 3,
      "good_count": 18,
      "partial_L_at_N": 20.82300748,
      "T_star_2": 0.5102040816326531
    },
    "5": {
      "c": 5,
      "delta": -96875,
      "ether_fraction": 0.1667,
      "ether_count": 3,
      "good_count": 18,
      "partial_L_at_N": 17.00765065,
      "T_star_2": 0.5102040816326531
    },
    "-4": {
      "c": -4,
      "delta": -60416,
      "ether_fraction": 0.1111,
      "ether_count": 2,
      "good_count": 18,
      "partial_L_at_N": 1.9280235,
      "T_star_2": 0.5102040816326531
    }
  },
  "target": {
    "Sha": 25,
    "torsion": 7,
    "Tamagawa": 1,
    "L_over_Omega": 0.5102040816326531,
    "formula": "|Sha|/|E_tors|^2 = 25/49 = T*^2"
  },
  "ether_connection": "high ether fraction (>> 20%) in 7-torsion curve signals Sha[5] != 0"
}