{
  "N_total": 5000,
  "checkpoints": [
    50,
    100,
    200,
    500,
    1000,
    2000,
    3000,
    4000,
    5000
  ],
  "primes": [
    2,
    3,
    5,
    7
  ],
  "T_star": 0.7142857142857143,
  "results": {
    "2": {
      "N": [
        50,
        100,
        200,
        500,
        1000,
        2000,
        3000,
        4000,
        5000
      ],
      "D_KS": [
        0.1064244877584937,
        0.08200928541782238,
        0.07142448775849371,
        0.054424487758493706,
        0.04310833732253949,
        0.03847065761461818,
        0.03547065761461818,
        0.03398195860113029,
        0.03195609034873839
      ],
      "sqrt_N_D": [
        0.7525347697833561,
        0.8200928541782238,
        1.010094792736129,
        1.2169685426859709,
        1.363205320820694,
        1.7204601113081233,
        1.9428079305068764,
        2.1492077706624206,
        2.25963681858029
      ]
    },
    "3": {
      "N": [
        50,
        100,
        200,
        500,
        1000,
        2000,
        3000,
        4000,
        5000
      ],
      "D_KS": [
        0.12948194955464987,
        0.11319194538090416,
        0.08403495622293777,
        0.06656831730600993,
        0.056739096320043036,
        0.05045306136325145,
        0.04678639469658474,
        0.04495306136325139,
        0.04336665038202592
      ],
      "sqrt_N_D": [
        0.9155756457134739,
        1.1319194538090416,
        1.1884337480390792,
        1.4885128264401388,
        1.7942477675101398,
        2.256329497623969,
        2.5625963759659536,
        2.8430812341037637,
        3.0664852562476708
      ]
    },
    "5": {
      "N": [
        50,
        100,
        200,
        500,
        1000,
        2000,
        3000,
        4000,
        5000
      ],
      "D_KS": [
        0.151616006407703,
        0.11853590980362883,
        0.09749342442612359,
        0.07263617463644755,
        0.06289272833992321,
        0.0521138509913103,
        0.04843570953605114,
        0.04652525802354057,
        0.04458902354860217
      ],
      "sqrt_N_D": [
        1.0720870626730985,
        1.1853590980362883,
        1.3787652306562037,
        1.6241942411264279,
        1.9888426981637788,
        2.3306022677172926,
        2.6529330701663296,
        2.94251568162824,
        3.152920091770325
      ]
    },
    "7": {
      "N": [
        50,
        100,
        200,
        500,
        1000,
        2000,
        3000,
        4000,
        5000
      ],
      "D_KS": [
        0.13363663263504194,
        0.12363663263504193,
        0.10043426615058365,
        0.08143426615058365,
        0.06681612730198958,
        0.05431612730198958,
        0.051339420619050016,
        0.04667275395238335,
        0.045382861403379104
      ],
      "sqrt_N_D": [
        0.9449536915117364,
        1.2363663263504194,
        1.4203550131714446,
        1.8209255481051516,
        2.1129114670604814,
        2.429091058435619,
        2.8119758762299534,
        2.9518441432431457,
        3.2090529047978604
      ]
    }
  },
  "fit": {
    "2": {
      "C": 0.05229126561025423,
      "alpha": 1.7370870851995954
    },
    "3": {
      "C": 0.03871576523804143,
      "alpha": 2.0180965617301165
    },
    "5": {
      "C": 0.06852483240610747,
      "alpha": 1.7622661330470715
    },
    "7": {
      "C": 0.08500650899125756,
      "alpha": 1.6764453358432414
    }
  }
}