level,operator,operator_name,aperture,pressure,depth,binding,continuity,d2_magnitude,master_lemma_defect,lens_mismatch,coherence_action,coherence_band,collapse_distance,step_hash
0,0,VOID,0.500000,0.147936,0.617615,0.383224,0.062500,0.006779,1.300000,1.090000,0.535373,YELLOW,0.178913,b1bdcd405d5b12c7
1,0,VOID,0.500000,0.150418,0.617615,0.383224,0.062500,0.007112,1.300000,1.090000,0.535440,YELLOW,0.178846,04b612828603fe81
2,0,VOID,0.500000,0.152567,0.617615,0.383224,0.062500,0.000333,1.300000,1.090000,0.534067,YELLOW,0.180218,081b1740c146fe57
3,0,VOID,0.500000,0.150954,0.617615,0.383224,0.062500,0.003762,1.300000,1.090000,0.534762,YELLOW,0.179524,019986afefbd20a2
4,0,VOID,0.500000,0.149567,0.617615,0.383224,0.062500,0.000226,1.300000,1.090000,0.534046,YELLOW,0.180240,9f0d33e9aa66cdfd
5,0,VOID,0.500000,0.146329,0.617615,0.383224,0.062500,0.001851,1.300000,1.090000,0.534375,YELLOW,0.179911,ebc51c722b8dcabc
6,0,VOID,0.500000,0.150018,0.617615,0.383224,0.062500,0.006927,1.300000,1.090000,0.535403,YELLOW,0.178883,23654de109f5bacb
7,0,VOID,0.500000,0.150628,0.617615,0.383224,0.062500,0.003079,1.300000,1.090000,0.534623,YELLOW,0.179662,418f5ad7eb8777f3
