{
  "problem_id": "p_vs_np",
  "test_case": "hard",
  "seed": 42,
  "n_levels": 8,
  "tig_path": [
    0,
    1,
    2,
    6,
    7,
    9
  ],
  "steps": [
    {
      "level": 0,
      "operator": 7,
      "operator_name": "HARMONY",
      "force_vector": [
        0.22063811052603044,
        1.0,
        0.8706381105260305,
        0.12936188947396954,
        0.07936188947396955
      ],
      "d2_vector": [
        0.06779087962672281,
        0.0,
        0.06779087962672281,
        -0.06779087962672287,
        -0.06779087962672287
      ],
      "d2_magnitude": 0.13558175925344568,
      "master_lemma_defect": 0.65,
      "lens_mismatch": 0.42500000000000004,
      "coherence_action": 0.4910803062488227,
      "coherence_band": "YELLOW",
      "collapse_distance": 0.2232054080368916,
      "step_hash": "9979f18c48021029"
    },
    {
      "level": 1,
      "operator": 7,
      "operator_name": "HARMONY",
      "force_vector": [
        0.1758213565475344,
        1.0,
        0.8558213565475344,
        0.15417864345246557,
        0.10417864345246558
      ],
      "d2_vector": [
        -0.09112057078110547,
        0.0,
        -0.06112057078110544,
        0.07112057078110548,
        0.07112057078110548
      ],
      "d2_magnitude": 0.14884540224186651,
      "master_lemma_defect": 0.67,
      "lens_mismatch": 0.4649000000000001,
      "coherence_action": 0.323949693953978,
      "coherence_band": "YELLOW",
      "collapse_distance": 0.3903360203317363,
      "step_hash": "146cd916c2e4548d"
    },
    {
      "level": 2,
      "operator": 0,
      "operator_name": "VOID",
      "force_vector": [
        0.13433429372342098,
        1.0,
        0.8443342937234211,
        0.175665706276579,
        0.125665706276579
      ],
      "d2_vector": [
        0.0033296911543826413,
        0.0,
        0.0033296911543826413,
        -0.0033296911543826135,
        -0.0033296911543826135
      ],
      "d2_magnitude": 0.006659382308765255,
      "master_lemma_defect": 0.6900000000000001,
      "lens_mismatch": 0.5065999999999999,
      "coherence_action": 0.30063752491752493,
      "coherence_band": "YELLOW",
      "collapse_distance": 0.41364818936818937,
      "step_hash": "c2989730b9c87e00"
    },
    {
      "level": 3,
      "operator": 7,
      "operator_name": "HARMONY",
      "force_vector": [
        0.13046406693176227,
        1.0,
        0.8704640669317624,
        0.15953593306823766,
        0.10953593306823767
      ],
      "d2_vector": [
        0.03761683603245469,
        0.0,
        0.03761683603245469,
        -0.03761683603245475,
        -0.03761683603245475
      ],
      "d2_magnitude": 0.07523367206490944,
      "master_lemma_defect": 0.7100000000000001,
      "lens_mismatch": 0.5501000000000001,
      "coherence_action": 0.3726346519264775,
      "coherence_band": "YELLOW",
      "collapse_distance": 0.3416510623592368,
      "step_hash": "ad8c105bad8bf12b"
    },
    {
      "level": 4,
      "operator": 0,
      "operator_name": "VOID",
      "force_vector": [
        0.12433273219138485,
        1.0,
        0.8943327321913848,
        0.1456672678086152,
        0.0956672678086152
      ],
      "d2_vector": [
        -0.002261107948718699,
        0.0,
        -0.002261107948718921,
        0.0022611079487188657,
        0.0022611079487188657
      ],
      "d2_magnitude": 0.004522215897437676,
      "master_lemma_defect": 0.73,
      "lens_mismatch": 0.5953999999999999,
      "coherence_action": 0.3498067487192311,
      "coherence_band": "YELLOW",
      "collapse_distance": 0.3644789655664832,
      "step_hash": "59c993e05e593c99"
    },
    {
      "level": 5,
      "operator": 0,
      "operator_name": "VOID",
      "force_vector": [
        0.1367113135155389,
        1.0,
        0.9367113135155389,
        0.11328868648446112,
        0.06328868648446113
      ],
      "d2_vector": [
        0.01850991606453145,
        0.0,
        0.018509916064531784,
        -0.018509916064531604,
        -0.018509916064531604
      ],
      "d2_magnitude": 0.03701983212906322,
      "master_lemma_defect": 0.75,
      "lens_mismatch": 0.6425000000000001,
      "coherence_action": 0.38900901600613536,
      "coherence_band": "YELLOW",
      "collapse_distance": 0.32527669827957895,
      "step_hash": "534545cd14164374"
    },
    {
      "level": 6,
      "operator": 7,
      "operator_name": "HARMONY",
      "force_vector": [
        0.07982249499768679,
        1.0,
        0.9098224949976869,
        0.1501775050023131,
        0.10017750500231314
      ],
      "d2_vector": [
        -0.06926739984200614,
        0.0,
        -0.06926739984200625,
        0.06926739984200606,
        0.06926739984200607
      ],
      "d2_magnitude": 0.13853479968401225,
      "master_lemma_defect": 0.7700000000000001,
      "lens_mismatch": 0.6914,
      "coherence_action": 0.4337342969360125,
      "coherence_band": "YELLOW",
      "collapse_distance": 0.2805514173497018,
      "step_hash": "3ab3a60da4560685"
    },
    {
      "level": 7,
      "operator": 7,
      "operator_name": "HARMONY",
      "force_vector": [
        0.05371919388746382,
        1.0,
        0.9137191938874639,
        0.15628080611253606,
        0.10628080611253607
      ],
      "d2_vector": [
        0.030785517407629137,
        0.0,
        0.030785517407629137,
        -0.030785517407629054,
        -0.030785517407629054
      ],
      "d2_magnitude": 0.06157103481525819,
      "master_lemma_defect": 0.7900000000000001,
      "lens_mismatch": 0.7421000000000001,
      "coherence_action": 0.4126146345500898,
      "coherence_band": "YELLOW",
      "collapse_distance": 0.3016710797356245,
      "step_hash": "2026dac0969c4363"
    }
  ],
  "operator_counts": {
    "7": 5,
    "0": 3
  },
  "operator_distribution": [
    0.375,
    0.0,
    0.0,
    0.0,
    0.0,
    0.0,
    0.0,
    0.625,
    0.0,
    0.0
  ],
  "harmony_fraction": 0.625,
  "defect_trajectory": [
    0.65,
    0.67,
    0.6900000000000001,
    0.7100000000000001,
    0.73,
    0.75,
    0.7700000000000001,
    0.7900000000000001
  ],
  "action_trajectory": [
    0.4910803062488227,
    0.323949693953978,
    0.30063752491752493,
    0.3726346519264775,
    0.3498067487192311,
    0.38900901600613536,
    0.4337342969360125,
    0.4126146345500898
  ],
  "defect_trend": "increasing",
  "final_defect": 0.7900000000000001,
  "final_action": 0.4126146345500898,
  "defect_slope": 0.02000000000000001,
  "defect_converges": false,
  "defect_bounded_below": true,
  "spine_defect_3": 0.0,
  "spine_defect_6": 0.0,
  "spine_defect_9": 0.7233333333333333,
  "spine_fraction": 0.375,
  "tig_path_fidelity": 0.16666666666666666,
  "tig_path_actual": [
    7,
    7,
    0,
    7,
    0,
    0,
    7,
    7
  ],
  "harmony_defect_series": [
    0.0,
    0.0,
    1.0,
    0.0,
    1.0,
    1.0,
    0.0,
    0.0
  ],
  "harmony_locked": false,
  "operator_7_state": "alignment",
  "operator_9_state": "stabilization",
  "decision_verdict": "smoothness",
  "commutator_persistence": 0.0,
  "complexity_persists": false,
  "sca_completed": false,
  "sca_progress": 0.0,
  "sca_stage": "quadratic",
  "vortex_fingerprint": {
    "winding_number": 0.0,
    "vorticity": 0.0,
    "chirality": 0,
    "period": 0,
    "vortex_class": "unknown"
  },
  "master_lemma_defects": [
    0.65,
    0.67,
    0.6900000000000001,
    0.7100000000000001,
    0.73,
    0.75,
    0.7700000000000001,
    0.7900000000000001
  ],
  "final_master_lemma_defect": 0.7900000000000001,
  "lens_mismatches": [
    0.42500000000000004,
    0.4649000000000001,
    0.5065999999999999,
    0.5501000000000001,
    0.5953999999999999,
    0.6425000000000001,
    0.6914,
    0.7421000000000001
  ],
  "dual_fixed_point_proximity": 0.5740198610871935,
  "problem_class": "gap",
  "measurement_verdict": "supports_gap",
  "anomaly_count": 0,
  "halted": false,
  "final_hash": "279f4ab80fd5f8ca",
  "_timestamp": "2026-02-28T19:13:38.262364",