{
  "problem_id": "riemann",
  "test_case": "off_line",
  "seed": 42,
  "n_levels": 12,
  "tig_path": [
    0,
    1,
    2,
    5,
    7,
    8,
    9
  ],
  "steps": [
    {
      "level": 0,
      "operator": 0,
      "operator_name": "VOID",
      "force_vector": [
        0.0,
        0.29985114038658633,
        0.14,
        0.5477464829275686,
        0.5
      ],
      "d2_vector": [
        0.0,
        0.0,
        0.0,
        0.0,
        0.0
      ],
      "d2_magnitude": 0.0,
      "master_lemma_defect": 0.40894311718081405,
      "lens_mismatch": 0.0016723447308956095,
      "coherence_action": 0.41064991867794076,
      "coherence_band": "YELLOW",
      "collapse_distance": 0.30363579560777354,
      "step_hash": "52666fd860d1f5c1"
    },
    {
      "level": 1,
      "operator": 0,
      "operator_name": "VOID",
      "force_vector": [
        0.0,
        0.3399480589163706,
        0.16,
        0.5477464829275686,
        0.5
      ],
      "d2_vector": [
        0.0,
        0.04009691852978425,
        0.01999999999999999,
        0.0,
        0.0
      ],
      "d2_magnitude": 0.04480806708154409,
      "master_lemma_defect": 0.18369111851207093,
      "lens_mismatch": 0.0003374242702021546,
      "coherence_action": 0.4352709302927511,
      "coherence_band": "YELLOW",
      "collapse_distance": 0.2790147839929632,
      "step_hash": "e28813f3a5f58a36"
    },
    {
      "level": 2,
      "operator": 0,
      "operator_name": "VOID",
      "force_vector": [
        0.0,
        0.39100996814548156,
        0.18,
        0.5477464829275686,
        0.5
      ],
      "d2_vector": [
        0.0,
        0.010964990699326715,
        0.0,
        0.0,
        0.0
      ],
      "d2_magnitude": 0.010964990699326715,
      "master_lemma_defect": 0.038752303401157324,
      "lens_mismatch": 1.5017410188953616e-05,
      "coherence_action": 0.4385102272512138,
      "coherence_band": "YELLOW",
      "collapse_distance": 0.2757754870345005,
      "step_hash": "9016eca56ec19e1d"
    },
    {
      "level": 3,
      "operator": 0,
      "operator_name": "VOID",
      "force_vector": [
        0.0,
        0.4457922219993162,
        0.2,
        0.5477464829275686,
        0.5
      ],
      "d2_vector": [
        0.0,
        0.0037203446247236482,
        2.7755575615628914e-17,
        0.0,
        0.0
      ],
      "d2_magnitude": 0.0037203446247236482,
      "master_lemma_defect": 0.09600278473361704,
      "lens_mismatch": 9.216534676609167e-05,
      "coherence_action": 0.43304838213736974,
      "coherence_band": "YELLOW",
      "collapse_distance": 0.28123733214834457,
      "step_hash": "21445b40d1cd3501"
    },
    {
      "level": 4,
      "operator": 0,
      "operator_name": "VOID",
      "force_vector": [
        0.0,
        0.48818639545237624,
        0.22,
        0.5477464829275686,
        0.5
      ],
      "d2_vector": [
        0.0,
        -0.012388080400774493,
        -2.7755575615628914e-17,
        0.0,
        0.0
      ],
      "d2_magnitude": 0.012388080400774493,
      "master_lemma_defect": 0.12814173394789946,
      "lens_mismatch": 0.00016420303979174263,
      "coherence_action": 0.43256575840636957,
      "coherence_band": "YELLOW",
      "collapse_distance": 0.28171995587934473,
      "step_hash": "5ebc924cc15b7847"
    },
    {
      "level": 5,
      "operator": 0,
      "operator_name": "VOID",
      "force_vector": [
        0.0,
        0.4990429874676654,
        0.24,
        0.5477464829275686,
        0.5
      ],
      "d2_vector": [
        0.0,
        -0.03153758143777097,
        0.0,
        0.0,
        0.0
      ],
      "d2_magnitude": 0.03153758143777097,
      "master_lemma_defect": 0.2281663729426512,
      "lens_mismatch": 0.0005205989374180537,
      "coherence_action": 0.429500612959837,
      "coherence_band": "YELLOW",
      "collapse_distance": 0.2847851013258773,
      "step_hash": "06b0c2fa17aa822d"
    },
    {
      "level": 6,
      "operator": 0,
      "operator_name": "VOID",
      "force_vector": [
        0.0,
        0.47246802564499246,
        0.26,
        0.5477464829275686,
        0.5
      ],
      "d2_vector": [
        0.0,
        -0.03743155383796215,
        0.0,
        0.0,
        0.0
      ],
      "d2_magnitude": 0.03743155383796215,
      "master_lemma_defect": 0.12012971118308328,
      "lens_mismatch": 0.0001443114750893119,
      "coherence_action": 0.4381946212627612,
      "coherence_band": "YELLOW",
      "collapse_distance": 0.2760910930229531,
      "step_hash": "d9e97a32b9b918bc"
    },
    {
      "level": 7,
      "operator": 0,
      "operator_name": "VOID",
      "force_vector": [
        0.0,
        0.4221665536477964,
        0.28,
        0.5477464829275686,
        0.5
      ],
      "d2_vector": [
        0.0,
        -0.023726510174523097,
        0.0,
        0.0,
        0.0
      ],
      "d2_magnitude": 0.023726510174523097,
      "master_lemma_defect": 0.12015473262873691,
      "lens_mismatch": 0.00014437159773083314,
      "coherence_action": 0.4354176083399549,
      "coherence_band": "YELLOW",
      "collapse_distance": 0.2788681059457594,
      "step_hash": "912a81ca7d41e79c"
    },
    {
      "level": 8,
      "operator": 0,
      "operator_name": "VOID",
      "force_vector": [
        0.0,
        0.36756807198526004,
        0.3,
        0.5477464829275686,
        0.5
      ],
      "d2_vector": [
        0.0,
        -0.004297009665340357,
        -5.551115123125783e-17,
        0.0,
        0.0
      ],
      "d2_magnitude": 0.004297009665340357,
      "master_lemma_defect": 0.2344309406470726,
      "lens_mismatch": 0.0005495786593267168,
      "coherence_action": 0.4235506590907252,
      "coherence_band": "YELLOW",
      "collapse_distance": 0.2907350551949891,
      "step_hash": "80e95b9f1249bc72"
    },
    {
      "level": 9,
      "operator": 0,
      "operator_name": "VOID",
      "force_vector": [
        0.0,
        0.3208677079263287,
        0.32,
        0.5477464829275686,
        0.5
      ],
      "d2_vector": [
        0.0,
        0.007898117603605037,
        5.551115123125783e-17,
        0.0,
        0.0
      ],
      "d2_magnitude": 0.007898117603605037,
      "master_lemma_defect": 0.34905243819159154,
      "lens_mismatch": 0.0012183760460749498,
      "coherence_action": 0.41636673018892095,
      "coherence_band": "YELLOW",
      "collapse_distance": 0.29791898409679335,
      "step_hash": "2f56a97e56a384a2"
    },
    {
      "level": 10,
      "operator": 0,
      "operator_name": "VOID",
      "force_vector": [
        0.0,
        0.2861956380648427,
        0.34,
        0.5477464829275686,
        0.5
      ],
      "d2_vector": [
        0.0,
        0.012028294197445388,
        0.0,
        0.0,
        0.0
      ],
      "d2_magnitude": 0.012028294197445388,
      "master_lemma_defect": 0.22461800998223974,
      "lens_mismatch": 0.0005045325040838167,
      "coherence_action": 0.42579571673939975,
      "coherence_band": "YELLOW",
      "collapse_distance": 0.28848999754631455,
      "step_hash": "c7868d1baac7d036"
    },
    {
      "level": 11,
      "operator": 0,
      "operator_name": "VOID",
      "force_vector": [
        0.0,
        0.2635971402581812,
        0.36,
        0.5477464829275686,
        0.5
      ],
      "d2_vector": [
        0.0,
        0.012073572054824455,
        -5.551115123125783e-17,
        0.0,
        0.0
      ],
      "d2_magnitude": 0.012073572054824455,
      "master_lemma_defect": 0.16105533964714575,
      "lens_mismatch": 0.0002593882242885736,
      "coherence_action": 0.43021382362280935,
      "coherence_band": "YELLOW",
      "collapse_distance": 0.28407189066290495,
      "step_hash": "108b56d44de9cee0"
    }
  ],
  "operator_counts": {
    "0": 12
  },
  "operator_distribution": [
    1.0,
    0.0,
    0.0,
    0.0,
    0.0,
    0.0,
    0.0,
    0.0,
    0.0,
    0.0
  ],
  "harmony_fraction": 0.0,