{
  "problem_id": "yang_mills",
  "test_case": "excited",
  "seed": 42,
  "n_levels": 12,
  "tig_path": [
    0,
    2,
    4,
    7,
    8,
    9
  ],
  "steps": [
    {
      "level": 0,
      "operator": 7,
      "operator_name": "HARMONY",
      "force_vector": [
        0.2793618894739695,
        0.1997936188947397,
        0.8,
        0.5206381105260305,
        0.37936188947396954
      ],
      "d2_vector": [
        -0.06779087962672287,
        -0.0006779087962672237,
        0.0,
        -0.026514658574661842,
        0.026514658574661842
      ],
      "d2_magnitude": 0.07747333192500928,
      "master_lemma_defect": 1.0,
      "lens_mismatch": 0.01633110968296952,
      "coherence_action": 0.3873829828125044,
      "coherence_band": "YELLOW",
      "collapse_distance": 0.3269027314732099,
      "step_hash": "1e12ec778abe4649"
    },
    {
      "level": 1,
      "operator": 7,
      "operator_name": "HARMONY",
      "force_vector": [
        0.3041786434524656,
        0.22004178643452466,
        0.75,
        0.5041786434524655,
        0.34582135654753443
      ],
      "d2_vector": [
        0.07112057078110556,
        0.020711205707811042,
        -0.050000000000000044,
        -0.011431871323016485,
        -0.03856812867698356
      ],
      "d2_magnitude": 0.09800651948565403,
      "master_lemma_defect": 1.0,
      "lens_mismatch": 0.029579010708857444,
      "coherence_action": 0.21872685696280642,
      "coherence_band": "GREEN",
      "collapse_distance": 0.4955588573229079,
      "step_hash": "248826835cb9ea70"
    },
    {
      "level": 2,
      "operator": 0,
      "operator_name": "VOID",
      "force_vector": [
        0.325665706276579,
        0.2402566570627658,
        0.7,
        0.5256657062765789,
        0.2743342937234211
      ],
      "d2_vector": [
        -0.003329691154382697,
        -3.329691154380088e-05,
        0.0,
        0.03794652989767833,
        -0.037946529897678216
      ],
      "d2_magnitude": 0.053767706055016656,
      "master_lemma_defect": 1.0,
      "lens_mismatch": 0.04729470568760754,
      "coherence_action": 0.2126915869145961,
      "coherence_band": "GREEN",
      "collapse_distance": 0.5015941273711182,
      "step_hash": "9be969e2c596d529"
    },
    {
      "level": 3,
      "operator": 7,
      "operator_name": "HARMONY",
      "force_vector": [
        0.3095359330682377,
        0.2600953593306824,
        0.65,
        0.5095359330682376,
        0.24046406693176237
      ],
      "d2_vector": [
        -0.03761683603245469,
        -0.000376168360324558,
        1.1102230246251565e-16,
        -0.03761683603245469,
        0.03761683603245458
      ],
      "d2_magnitude": 0.06515535712367054,
      "master_lemma_defect": 1.0,
      "lens_mismatch": 0.06494437033149864,
      "coherence_action": 0.2702431142555739,
      "coherence_band": "GREEN",
      "collapse_distance": 0.4440426000301404,
      "step_hash": "8ef1d0730e753111"
    },
    {
      "level": 4,
      "operator": 0,
      "operator_name": "VOID",
      "force_vector": [
        0.2956672678086152,
        0.27995667267808616,
        0.6,
        0.5043327321913849,
        0.1956672678086151
      ],
      "d2_vector": [
        0.00226110794871881,
        2.2611079487144803e-05,
        -1.1102230246251565e-16,
        0.010926572331488527,
        -0.010926572331488527
      ],
      "d2_magnitude": 0.015617076751017657,
      "master_lemma_defect": 1.0,
      "lens_mismatch": 0.09024682279935543,
      "coherence_action": 0.2498031838039747,
      "coherence_band": "GREEN",
      "collapse_distance": 0.4644825304817396,
      "step_hash": "f7fe77f5d4b95eb6"
    },
    {
      "level": 5,
      "operator": 0,
      "operator_name": "VOID",
      "force_vector": [
        0.26328868648446113,
        0.2996328868648446,
        0.55,
        0.5367113135155388,
        0.11328868648446111
      ],
      "d2_vector": [
        -0.018509916064531562,
        -0.00018509916064529675,
        1.1102230246251565e-16,
        0.03758178220100672,
        -0.03758178220100672
      ],
      "d2_magnitude": 0.05627994279690666,
      "master_lemma_defect": 1.0,
      "lens_mismatch": 0.12382090090128954,
      "coherence_action": 0.28982713706508634,
      "coherence_band": "GREEN",
      "collapse_distance": 0.42445857722062796,
      "step_hash": "3dd1427b2ce0eaef"
    },
    {
      "level": 6,
      "operator": 7,
      "operator_name": "HARMONY",
      "force_vector": [
        0.3001775050023131,
        0.32000177505002314,
        0.5,
        0.5001775050023132,
        0.0998224949976868
      ],
      "d2_vector": [
        0.06926739984200603,
        0.0006926739984200458,
        -1.1102230246251565e-16,
        -0.06891238983737957,
        0.06891238983737968
      ],
      "d2_magnitude": 0.11956708336468859,
      "master_lemma_defect": 1.0,
      "lens_mismatch": 0.16039300168292456,
      "coherence_action": 0.326177179659032,
      "coherence_band": "YELLOW",
      "collapse_distance": 0.3881085346266823,
      "step_hash": "e2caf3112021e9f9"
    },
    {
      "level": 7,
      "operator": 7,
      "operator_name": "HARMONY",
      "force_vector": [
        0.30628080611253605,
        0.3400628080611254,
        0.44999999999999996,
        0.5062808061125361,
        0.043719193887463925
      ],
      "d2_vector": [
        -0.030785517407629026,
        -0.00030785517407627694,
        0.0,
        0.04263710962344858,
        -0.04263710962344858
      ],
      "d2_magnitude": 0.0677029474317594,
      "master_lemma_defect": 1.0,
      "lens_mismatch": 0.20364122365565446,
      "coherence_action": 0.3103106487581143,
      "coherence_band": "YELLOW",
      "collapse_distance": 0.4039750655276,
      "step_hash": "fa0abb05adcd3f80"
    },
    {
      "level": 8,
      "operator": 0,
      "operator_name": "VOID",
      "force_vector": [
        0.29134537690144957,
        0.3599134537690145,
        0.4,
        0.5086546230985505,
        0.0
      ],
      "d2_vector": [
        -0.02103873032130943,
        -0.00021038730321309984,
        1.1102230246251565e-16,
        -0.003729484124208593,
        0.012384107222758955
      ],
      "d2_magnitude": 0.024697117238407652,
      "master_lemma_defect": 1.0,
      "lens_mismatch": 0.2461218605677438,
      "coherence_action": 0.2992362732344553,
      "coherence_band": "GREEN",
      "collapse_distance": 0.415049441051259,
      "step_hash": "7edd93b88b1bb2ed"
    },
    {
      "level": 9,
      "operator": 0,
      "operator_name": "VOID",
      "force_vector": [
        0.28251175820790086,
        0.379825117582079,
        0.35,
        0.5174882417920991,
        0.0
      ],
      "d2_vector": [
        0.006101810517537776,
        6.101810517533668e-05,
        -1.1102230246251565e-16,
        0.006459801707534241,
        0.043719193887463925
      ],
      "d2_magnitude": 0.04461314567559005,
      "master_lemma_defect": 1.0,
      "lens_mismatch": 0.24228748672156777,
      "coherence_action": 0.31478937508614346,
      "coherence_band": "YELLOW",
      "collapse_distance": 0.39949633919957084,
      "step_hash": "0fba688d8f05c7f6"
    },
    {
      "level": 10,
      "operator": 0,
      "operator_name": "VOID",
      "force_vector": [
        0.3055800606665405,
        0.4000558006066654,
        0.30000000000000004,
        0.5055800606665405,
        0.0
      ],
      "d2_vector": [
        0.03190192115218832,
        0.00031901921152194257,
        1.1102230246251565e-16,
        -0.020741799819107176,
        0.0
      ],
      "d2_magnitude": 0.038053338962483634,
      "master_lemma_defect": 1.0,
      "lens_mismatch": 0.2533767418477359,
      "coherence_action": 0.3250129635447794,
      "coherence_band": "YELLOW",
      "collapse_distance": 0.3892727507409349,
      "step_hash": "23fdc29bc0352d96"
    },
    {
      "level": 11,
      "operator": 0,
      "operator_name": "VOID",