{
  "w2": 0.708,
  "w3": 2.025,
  "sigma_a": 0.25905598243688255,
  "sigma_b": 1.9585094332316844,
  "best_formula_error": 0.15037037037037038,
  "exact_tig_at_half": false,
  "tier": "A (no algebraic derivation found)",
  "verdict": "A10 remains Tier A. \u03c3=1/2 not derivable from W(omega) or TIG quantities."
}