{
  "universality_proved": true,
  "family_results": {
    "5": {
      "wob_p": 0.8,
      "first_crossing_k": 1,
      "first_crossing_wn": 1.25,
      "first_crossing_t": 0.2,
      "crossings": [
        [
          5,
          1.0,
          "down"
        ]
      ],
      "max_wn": 1.25
    },
    "7": {
      "wob_p": 0.8571428571428571,
      "first_crossing_k": 1,
      "first_crossing_wn": 1.1666666666666667,
      "first_crossing_t": 0.14285714285714285,
      "crossings": [
        [
          5,
          0.9333,
          "down"
        ]
      ],
      "max_wn": 1.1666666666666667
    },
    "11": {
      "wob_p": 0.8181818181818182,
      "first_crossing_k": 1,
      "first_crossing_wn": 1.222222222222222,
      "first_crossing_t": 0.09090909090909091,
      "crossings": [
        [
          5,
          0.9778,
          "down"
        ],
        [
          6,
          1.0185,
          "up"
        ],
        [
          10,
          0.9778,
          "down"
        ]
      ],
      "max_wn": 1.222222222222222
    },
    "13": {
      "wob_p": 0.8461538461538461,
      "first_crossing_k": 1,
      "first_crossing_wn": 1.1818181818181819,
      "first_crossing_t": 0.07692307692307693,
      "crossings": [
        [
          5,
          0.9455,
          "down"
        ],
        [
          7,
          1.013,
          "up"
        ],
        [
          10,
          0.9455,
          "down"
        ]
      ],
      "max_wn": 1.1818181818181819
    },
    "17": {
      "wob_p": 0.8235294117647058,
      "first_crossing_k": 1,
      "first_crossing_wn": 1.2142857142857144,
      "first_crossing_t": 0.058823529411764705,
      "crossings": [
        [
          5,
          0.9714,
          "down"
        ],
        [
          6,
          1.0119,
          "up"
        ],
        [
          10,
          0.9714,
          "down"
        ],
        [
          12,
          1.0119,
          "up"
        ],
        [
          15,
          0.9714,
          "down"
        ]
      ],
      "max_wn": 1.2142857142857144
    },
    "19": {
      "wob_p": 0.8421052631578947,
      "first_crossing_k": 1,
      "first_crossing_wn": 1.1875,
      "first_crossing_t": 0.05263157894736842,
      "crossings": [
        [
          5,
          0.95,
          "down"
        ],
        [
          7,
          1.0179,
          "up"
        ],
        [
          10,
          0.95,
          "down"
        ],
        [
          13,
          1.0048,
          "up"
        ],
        [
          15,
          0.95,
          "down"
        ]
      ],
      "max_wn": 1.1875
    },
    "23": {
      "wob_p": 0.8260869565217391,
      "first_crossing_k": 1,
      "first_crossing_wn": 1.2105263157894737,
      "first_crossing_t": 0.043478260869565216,
      "crossings": [
        [
          5,
          0.9684,
          "down"
        ],
        [
          6,
          1.0088,
          "up"
        ],
        [
          10,
          0.9684,
          "down"
        ],
        [
          12,
          1.0088,
          "up"
        ],
        [
          15,
          0.9684,
          "down"
        ],
        [
          18,
          1.0088,
          "up"
        ],
        [
          20,
          0.9684,
          "down"
        ]
      ],
      "max_wn": 1.2105263157894737
    },
    "29": {
      "wob_p": 0.8275862068965517,
      "first_crossing_k": 1,
      "first_crossing_wn": 1.2083333333333333,
      "first_crossing_t": 0.034482758620689655,
      "crossings": [
        [
          5,
          0.9667,
          "down"
        ],
        [
          6,
          1.0069,
          "up"
        ],
        [
          10,
          0.9667,
          "down"
        ],
        [
          12,
          1.0069,
          "up"
        ],
        [
          15,
          0.9667,
          "down"
        ],
        [
          18,
          1.0069,
          "up"
        ],
        [
          20,
          0.9667,
          "down"
        ],
        [
          24,
          1.0069,
          "up"
        ],
        [
          25,
          0.9667,
          "down"
        ]
      ],
      "max_wn": 1.2083333333333333
    },
    "31": {
      "wob_p": 0.8064516129032258,
      "first_crossing_k": 1,
      "first_crossing_wn": 1.24,
      "first_crossing_t": 0.03225806451612903,
      "crossings": [
        [
          5,
          0.992,
          "down"
        ],
        [
          6,
          1.0333,
          "up"
        ],
        [
          10,
          0.992,
          "down"
        ],
        [
          11,
          1.0145,
          "up"
        ],
        [
          15,
          0.992,
          "down"
        ],
        [
          16,
          1.0075,
          "up"
        ],
        [
          20,
          0.992,
          "down"
        ],
        [
          21,
          1.0038,
          "up"
        ],
        [
          25,
          0.992,
          "down"
        ],
        [
          26,
          1.0015,
          "up"
        ],
        [
          30,
          0.992,
          "down"
        ]
      ],
      "max_wn": 1.24
    },
    "37": {
      "wob_p": 0.8108108108108109,
      "first_crossing_k": 1,
      "first_crossing_wn": 1.2333333333333332,
      "first_crossing_t": 0.02702702702702703,
      "crossings": [
        [
          5,
          0.9867,
          "down"
        ],
        [
          6,
          1.0278,
          "up"
        ],
        [
          10,
          0.9867,
          "down"
        ],
        [
          11,
          1.0091,
          "up"
        ],
        [
          15,
          0.9867,
          "down"
        ],
        [
          16,
          1.0021,
          "up"
        ],
        [
          20,
          0.9867,
          "down"
        ],
        [
          22,
          1.0091,
          "up"
        ],
        [
          25,
          0.9867,
          "down"
        ],
        [
          27,
          1.0049,
          "up"
        ],
        [
          30,
          0.9867,
          "down"
        ],
        [
          32,
          1.0021,
          "up"
        ],
        [
          35,
          0.9867,
          "down"
        ]
      ],
      "max_wn": 1.2333333333333332
    },
    "41": {
      "wob_p": 0.8048780487804879,
      "first_crossing_k": 1,
      "first_crossing_wn": 1.2424242424242424,
      "first_crossing_t": 0.024390243902439025,
      "crossings": [
        [
          5,
          0.9939,
          "down"
        ],
        [
          6,
          1.0354,
          "up"
        ],
        [
          10,
          0.9939,
          "down"
        ],
        [
          11,
          1.0165,
          "up"
        ],
        [
          15,
          0.9939,
          "down"
        ],
        [
          16,
          1.0095,
          "up"
        ],
        [
          20,
          0.9939,
          "down"
        ],
        [
          21,
          1.0058,
          "up"
        ],
        [
          25,
          0.9939,
          "down"
        ],
        [
          26,
          1.0035,
          "up"
        ],
        [
          30,
          0.9939,
          "down"
        ],
        [
          31,
          1.002,
          "up"
        ],
        [
          35,
          0.9939,
          "down"
        ],
        [
          36,
          1.0008,
          "up"
        ],
        [
          40,
          0.9939,
          "down"
        ]
      ],
      "max_wn": 1.2424242424242424
    },
    "43": {
      "wob_p": 0.813953488372093,
      "first_crossing_k": 1,
      "first_crossing_wn": 1.2285714285714286,
      "first_crossing_t": 0.023255813953488372,