{
  "all_geq13_pass": true,
  "all_lt13_fail": false,
  "fail_primes": [
    5,
    7
  ],
  "p11_phase3_values": {
    "8": 0.008684314578108381,
    "9": 0.025268187491807335,
    "10": 0.008051766166050007,
    "11": 7.804128144418543e-63
  },
  "p13_phase3_values": {
    "9": 0.06296110158024387,
    "10": 0.004312379238641847,
    "11": 0.02671951404087379,
    "12": 0.004612637885307223,
    "13": 2.515013205172193e-63
  },
  "verdict": "A15a \u2192 Tier B for p>=13 (boundary proved algebraically)"
}