{
  "candidates": {
    "F3": {
      "C1": {
        "score": 1,
        "passes": 10,
        "total": 11,
        "counts": [
          [
            11,
            2
          ],
          [
            13,
            4
          ],
          [
            17,
            4
          ],
          [
            19,
            4
          ],
          [
            23,
            4
          ],
          [
            29,
            4
          ],
          [
            31,
            4
          ],
          [
            37,
            4
          ],
          [
            41,
            4
          ],
          [
            43,
            4
          ],
          [
            47,
            4
          ]
        ]
      },
      "C2": {
        "score": 0,
        "passes": 0,
        "rs": [
          [
            7,
            0.684347728388294
          ],
          [
            11,
            0.7332436942359416
          ],
          [
            13,
            0.68965077949763
          ],
          [
            17,
            0.6782157876073518
          ],
          [
            19,
            0.6778017216546596
          ],
          [
            23,
            0.6686382588430686
          ],
          [
            29,
            0.6592631935081649
          ],
          [
            31,
            0.6583078674865892
          ],
          [
            37,
            0.6532820716789155
          ],
          [
            41,
            0.6511712602008782
          ],
          [
            43,
            0.6505610561386517
          ],
          [
            47,
            0.6489107218858852
          ]
        ]
      },
      "C3": {
        "score": 2,
        "passes": 14
      },
      "C4": {
        "score": 2,
        "stable": true,
        "counts": [
          2,
          4,
          4,
          4,
          4,
          4,
          4,
          4,
          4,
          4,
          4
        ]
      },
      "C5": {
        "score": 2,
        "ok": true,
        "t_first": 0.1276595744680851,
        "target": 0.12
      },
      "C6": {
        "score": 2,
        "ok": true
      },
      "total": 9,
      "max_score": 12,
      "fraction": 0.75
    },
    "F4": {
      "C1": {
        "score": 1,
        "passes": 8,
        "total": 11,
        "counts": [
          [
            11,
            4
          ],
          [
            13,
            3
          ],
          [
            17,
            0
          ],
          [
            19,
            2
          ],
          [
            23,
            6
          ],
          [
            29,
            11
          ],
          [
            31,
            13
          ],
          [
            37,
            15
          ],
          [
            41,
            15
          ],
          [
            43,
            15
          ],
          [
            47,
            15
          ]
        ]
      },
      "C2": {
        "score": 0,
        "passes": 0,
        "rs": [
          [
            7,
            0.24031001886685707
          ],
          [
            11,
            0.13813258457063468
          ],
          [
            13,
            0.07966144784441521
          ],
          [
            17,
            -0.9690806241375629
          ],
          [
            19,
            0.2024616900457818
          ],
          [
            23,
            0.10200575183726551
          ],
          [
            29,
            0.06158251442422289
          ],
          [
            31,
            0.05352296435967088
          ],
          [
            37,
            0.040542983670459054
          ],
          [
            41,
            0.03315961770324814
          ],
          [
            43,
            0.0302519789928915
          ],
          [
            47,
            0.02542489956981823
          ]
        ]
      },
      "C3": {
        "score": 0,
        "passes": 0
      },
      "C4": {
        "score": 0,
        "stable": false,
        "counts": [
          4,
          3,
          0,
          2,
          6,
          11,
          13,
          15,
          15,
          15,
          15
        ]
      },
      "C5": {
        "score": 2,
        "ok": true,
        "t_first": 0.0851063829787234,
        "target": 0.06
      },
      "C6": {
        "score": 0,
        "ok": false
      },
      "total": 3,
      "max_score": 12,
      "fraction": 0.25
    },
    "H1": {
      "C1": {
        "score": 1,
        "passes": 8,
        "total": 11,
        "counts": [
          [
            11,
            4
          ],
          [
            13,
            3
          ],
          [
            17,
            1
          ],
          [
            19,
            2
          ],
          [
            23,
            6
          ],
          [
            29,
            11
          ],
          [
            31,
            13
          ],
          [
            37,
            15
          ],
          [
            41,
            15
          ],
          [
            43,
            15
          ],
          [
            47,
            16
          ]
        ]
      },
      "C2": {
        "score": 0,
        "passes": 0,
        "rs": [
          [
            7,
            -0.036310234583258064
          ],
          [
            11,
            -0.04704997829596687
          ],
          [
            13,
            -0.05070790868731748
          ],
          [
            17,
            -0.5935726040153811
          ],
          [
            19,
            -0.08193441310300026
          ],
          [
            23,
            -0.057401391389271306
          ],
          [
            29,
            -0.057245364040298743
          ],
          [
            31,
            -0.05669329975353759
          ],
          [
            37,
            -0.05757568248193
          ],
          [
            41,
            -0.057671755572400264
          ],
          [
            43,
            -0.057722806745189995
          ],
          [
            47,
            -0.057812387505078215
          ]
        ]
      },
      "C3": {
        "score": 2,
        "passes": 14
      },
      "C4": {
        "score": 0,
        "stable": false,
        "counts": [
          4,
          3,
          1,
          2,
          6,
          11,
          13,
          15,
          15,
          15,
          16
        ]
      },
      "C5": {
        "score": 2,
        "ok": true,
        "t_first": 0.0425531914893617,
        "target": 0.056603773584905655
      },
      "C6": {
        "score": 0,
        "ok": false
      },
      "total": 5,
      "max_score": 12,
      "fraction": 0.4166666666666667
    },
    "H2": {
      "C1": {
        "score": 1,
        "passes": 8,
        "total": 11,
        "counts": [
          [
            11,
            4
          ],
          [
            13,
            3
          ],
          [
            17,
            1
          ],
          [
            19,
            2
          ],
          [
            23,
            6
          ],
          [
            29,
            11
          ],
          [
            31,
            13
          ],
          [
            37,
            15
          ],
          [
            41,
            15
          ],
          [
            43,
            15
          ],
          [
            47,
            15
          ]
        ]
      },
      "C2": {
        "score": 0,
        "passes": 0,