{
  "W": 0.06,
  "candidates": [
    "H_mod (C15)",
    "H_W  [t=W]",
    "H_W2 [t=W/2]",
    "H_full",
    "H_W_fast"
  ],
  "best": "H_mod (C15)",
  "best_score": 88,
  "scores": {
    "H_mod (C15)": {
      "c1": 21,
      "n11": 21,
      "c2e": 22,
      "ntot": 23,
      "c3": 23,
      "c5": 22,
      "avg_t1": 0.1356249418869723
    },
    "H_W  [t=W]": {
      "c1": 20,
      "n11": 21,
      "c2e": 21,
      "ntot": 23,
      "c3": 23,
      "c5": 20,
      "avg_t1": 0.08137730760398751
    },
    "H_W2 [t=W/2]": {
      "c1": 19,
      "n11": 21,
      "c2e": 20,
      "ntot": 23,
      "c3": 23,
      "c5": 20,
      "avg_t1": 0.07922872024662643
    },
    "H_full": {
      "c1": 21,
      "n11": 21,
      "c2e": 18,
      "ntot": 23,
      "c3": 23,
      "c5": 21,
      "avg_t1": 0.08336740514182384
    },
    "H_W_fast": {
      "c1": 20,
      "n11": 21,
      "c2e": 19,
      "ntot": 23,
      "c3": 23,
      "c5": 21,
      "avg_t1": 0.09316436990250138
    }
  }
}