{
  "scan_limit": 10000,
  "n_semiprimes": 2600,
  "reference": {
    "b": 35,
    "p": 5,
    "q": 7,
    "d2_balance": 2.7419090194663633,
    "unit_frac": 0.7142857142857143,
    "phi_C": 7,
    "HAR": 2
  },
  "d2_balance_matches": [],
  "full_profile_matches": [],
  "near_tstar_worlds": [
    {
      "b": 35,
      "p": 5,
      "q": 7,
      "d2p": 0.01812432895829219,
      "d2q": 0.06781959000080895,
      "d2_balance": 2.7419090194663633,
      "ratio": 1.4,
      "unit_frac": 0.7142857142857143,
      "phi_C": 7,
      "har": 2
    }
  ],
  "phi_C_eq_ref_worlds": [
    {
      "b": 35,
      "p": 5,
      "q": 7,
      "d2p": 0.01812432895829219,
      "d2q": 0.06781959000080895,
      "d2_balance": 2.7419090194663633,
      "ratio": 1.4,
      "unit_frac": 0.7142857142857143,
      "phi_C": 7,
      "har": 2
    }
  ]
}