{
  "b": 385,
  "factors": [
    5,
    7,
    11
  ],
  "phi": 240,
  "unit_frac": 0.6233766233766234,
  "T_star": 0.7142857142857143,
  "unit_frac_equals_Tstar": false,
  "har_k9": 7,
  "no_omega3_with_Tstar": true,
  "b385_smallest_omega3_all_primes_geq5": true,
  "omega3_all_pgeq5_in_2000": [
    385,
    455,
    595,
    665,
    715,
    805,
    935,
    1001,
    1015,
    1045,
    1085,
    1105,
    1235,
    1265,
    1295,
    1309,
    1435,
    1463,
    1495,
    1505,
    1547,
    1595,
    1615,
    1645,
    1705,
    1729,
    1771,
    1855,
    1885,
    1955
  ],
  "verdict": "A9 KILLED (D2 claim) \u2014 residual C14 candidate (uniqueness) if 385 smallest"
}