{
  "phase_a": {
    "phase": "A (CK ON)",
    "duration_s": 60.054539918899536,
    "samples": 375,
    "jitter": {
      "p50_ms": 55.41458129882812,
      "p95_ms": 75.32706260681152,
      "p99_ms": 124.34043884277344,
      "p999_ms": 320.5513000488281,
      "max_ms": 320.5513000488281,
      "mean_ms": 60.19163182576497,
      "stdev_ms": 17.417492358751574
    },
    "cpu": {
      "overall_avg_pct": 17.952775,
      "per_core_avg_pct": [
        18.4,
        21.4,
        32.3,
        17.3,
        20.8,
        24.7,
        19.2,
        18.7,
        60.8,
        37.3,
        50.9,
        45.7,
        17.4,
        18.4,
        15.8,
        32.3,
        5.3,
        7.2,
        6.8,
        7.8,
        5.2,
        6.3,
        5.4,
        6.4,
        5.9,
        7.2,
        6.7,
        5.4,
        6.0,
        8.0,
        8.7,
        24.6
      ],
      "max_any_core_pct": 100.0
    },
    "gpu": {
      "temp_avg_c": 61.3,
      "temp_max_c": 65.0,
      "util_avg_pct": 39.4,
      "util_max_pct": 58.0,
      "power_avg_w": 89.2,
      "power_max_w": 108.27,
      "vram_used_mb": 3298.0,
      "clock_core_avg_mhz": 2557.0
    },
    "memory": {
      "ram_avg_gb": 19.22,
      "ram_max_gb": 19.57,
      "ram_avg_pct": 60.6,
      "swap_avg_gb": 0.06
    },
    "network": {
      "sent_mb": 20.35,
      "recv_mb": 1.67,
      "sent_packets": 12615,
      "recv_packets": 19596,
      "send_rate_mbps": 2.71,
      "recv_rate_mbps": 0.22
    },
    "disk": {
      "read_mb": 3.25,
      "write_mb": 73.83,
      "read_iops": 0.5,
      "write_iops": 73.8
    },
    "context_switches_per_sec": 55315.0,
    "process_count": 275,
    "python_processes": 2,
    "ck_on_7777": true
  },
  "phase_b": {
    "phase": "B (CK OFF)",
    "duration_s": 60.11905312538147,
    "samples": 376,
    "jitter": {
      "p50_ms": 56.04043006896972,
      "p95_ms": 74.36456680297852,
      "p99_ms": 90.87910652160645,
      "p999_ms": 134.4796657562256,
      "max_ms": 134.4796657562256,
      "mean_ms": 59.9292405108188,
      "stdev_ms": 8.781026927120424
    },
    "cpu": {
      "overall_avg_pct": 13.805277593085107,
      "per_core_avg_pct": [
        11.1,
        12.6,
        34.0,
        7.5,
        18.3,
        12.6,
        13.6,
        10.6,
        69.9,
        17.1,
        50.0,
        30.8,
        14.8,
        12.2,
        11.7,
        19.7,
        3.9,
        4.7,
        4.3,
        5.8,
        4.1,
        3.7,
        4.0,
        4.6,
        3.3,
        4.9,
        4.4,
        3.3,
        3.5,
        4.6,
        6.6,
        29.5
      ],
      "max_any_core_pct": 100.0
    },
    "gpu": {
      "temp_avg_c": 53.5,
      "temp_max_c": 63.0,
      "util_avg_pct": 23.7,
      "util_max_pct": 83.0,
      "power_avg_w": 41.6,
      "power_max_w": 100.23,
      "vram_used_mb": 3010.0,
      "clock_core_avg_mhz": 1931.0
    },
    "memory": {
      "ram_avg_gb": 18.42,
      "ram_max_gb": 18.82,
      "ram_avg_pct": 58.1,
      "swap_avg_gb": 0.06
    },
    "network": {
      "sent_mb": 20.24,
      "recv_mb": 1.37,
      "sent_packets": 8648,
      "recv_packets": 16244,
      "send_rate_mbps": 2.69,
      "recv_rate_mbps": 0.18
    },
    "disk": {
      "read_mb": 75.49,
      "write_mb": 52.84,
      "read_iops": 28.1,
      "write_iops": 36.9
    },
    "context_switches_per_sec": 37843.0,
    "process_count": 276,
    "python_processes": 1,
    "ck_on_7777": false
  },
  "timestamp": 1774497241.1075292
}