{
  "phase_a": {
    "phase": "A (CK ON)",
    "duration_s": 60.12499690055847,
    "samples": 370,
    "jitter": {
      "p50_ms": 56.819581985473626,
      "p95_ms": 79.33893203735352,
      "p99_ms": 123.42991828918457,
      "p999_ms": 315.85254669189453,
      "max_ms": 315.85254669189453,
      "mean_ms": 62.5231883332536,
      "stdev_ms": 17.28655634689432
    },
    "cpu": {
      "overall_avg_pct": 15.377592905405406,
      "per_core_avg_pct": [
        11.7,
        13.7,
        32.7,
        10.7,
        17.0,
        16.3,
        15.9,
        15.7,
        69.5,
        22.3,
        50.7,
        39.3,
        15.0,
        18.1,
        16.9,
        24.4,
        4.5,
        5.0,
        5.7,
        7.4,
        3.3,
        3.9,
        4.9,
        3.9,
        4.8,
        4.7,
        4.7,
        4.3,
        4.2,
        4.7,
        5.7,
        30.2
      ],
      "max_any_core_pct": 100.0
    },
    "gpu": {
      "temp_avg_c": 45.5,
      "temp_max_c": 52.0,
      "util_avg_pct": 30.6,
      "util_max_pct": 66.0,
      "power_avg_w": 59.0,
      "power_max_w": 98.53,
      "vram_used_mb": 3001.0,
      "clock_core_avg_mhz": 2254.0
    },
    "memory": {
      "ram_avg_gb": 17.84,
      "ram_max_gb": 18.06,
      "ram_avg_pct": 56.2,
      "swap_avg_gb": 0.08
    },
    "network": {
      "sent_mb": 20.16,
      "recv_mb": 1.31,
      "sent_packets": 10563,
      "recv_packets": 17762,
      "send_rate_mbps": 2.68,
      "recv_rate_mbps": 0.17
    },
    "disk": {
      "read_mb": 84.78,
      "write_mb": 46.98,
      "read_iops": 25.6,
      "write_iops": 67.5
    },
    "context_switches_per_sec": 46969.0,
    "process_count": 269,
    "python_processes": 2,
    "ck_on_7777": true
  },
  "phase_b": {
    "phase": "B (CK OFF)",
    "duration_s": 60.07914471626282,
    "samples": 374,
    "jitter": {
      "p50_ms": 56.810283660888665,
      "p95_ms": 74.90744590759277,
      "p99_ms": 99.99761581420898,
      "p999_ms": 145.50104141235352,
      "max_ms": 145.50104141235352,
      "mean_ms": 60.66193185388085,
      "stdev_ms": 10.158007823604459
    },
    "cpu": {
      "overall_avg_pct": 16.875802139037432,
      "per_core_avg_pct": [
        13.7,
        19.8,
        31.2,
        15.7,
        19.4,
        20.1,
        16.3,
        16.4,
        63.7,
        33.5,
        50.5,
        45.9,
        16.1,
        18.6,
        14.0,
        33.6,
        5.0,
        4.7,
        5.5,
        7.1,
        4.3,
        3.1,
        4.6,
        7.6,
        5.6,
        4.8,
        4.7,
        6.0,
        6.1,
        5.2,
        7.2,
        29.8
      ],
      "max_any_core_pct": 100.0
    },
    "gpu": {
      "temp_avg_c": 53.6,
      "temp_max_c": 57.0,
      "util_avg_pct": 38.1,
      "util_max_pct": 61.0,
      "power_avg_w": 79.4,
      "power_max_w": 104.05,
      "vram_used_mb": 3042.0,
      "clock_core_avg_mhz": 2512.0
    },
    "memory": {
      "ram_avg_gb": 18.26,
      "ram_max_gb": 18.6,
      "ram_avg_pct": 57.6,
      "swap_avg_gb": 0.08
    },
    "network": {
      "sent_mb": 20.45,
      "recv_mb": 1.51,
      "sent_packets": 12745,
      "recv_packets": 19494,
      "send_rate_mbps": 2.72,
      "recv_rate_mbps": 0.2
    },
    "disk": {
      "read_mb": 4.6,
      "write_mb": 48.5,
      "read_iops": 1.0,
      "write_iops": 53.1
    },
    "context_switches_per_sec": 54025.0,
    "process_count": 265,
    "python_processes": 1,
    "ck_on_7777": false
  },
  "timestamp": 1774499301.1435366
}