{
  "phase_a": {
    "phase": "A (CK ON)",
    "duration_s": 60.18378829956055,
    "samples": 371,
    "jitter": {
      "p50_ms": 56.41760826110839,
      "p95_ms": 78.50828170776367,
      "p99_ms": 147.46203422546387,
      "p999_ms": 320.6831455230713,
      "max_ms": 320.6831455230713,
      "mean_ms": 62.230949710321546,
      "stdev_ms": 19.083159959481822
    },
    "cpu": {
      "overall_avg_pct": 14.883103099730459,
      "per_core_avg_pct": [
        14.1,
        13.2,
        34.8,
        11.5,
        12.9,
        18.1,
        13.6,
        11.4,
        52.9,
        43.0,
        62.0,
        33.7,
        13.9,
        11.3,
        11.1,
        30.6,
        4.0,
        4.1,
        3.8,
        5.0,
        3.4,
        4.5,
        4.1,
        3.4,
        4.0,
        3.9,
        3.8,
        4.5,
        5.3,
        5.2,
        6.0,
        23.2
      ],
      "max_any_core_pct": 100.0
    },
    "gpu": {
      "temp_avg_c": 54.5,
      "temp_max_c": 60.0,
      "util_avg_pct": 35.1,
      "util_max_pct": 97.0,
      "power_avg_w": 62.8,
      "power_max_w": 106.63,
      "vram_used_mb": 3246.0,
      "clock_core_avg_mhz": 2058.0
    },
    "memory": {
      "ram_avg_gb": 18.1,
      "ram_max_gb": 18.38,
      "ram_avg_pct": 57.1,
      "swap_avg_gb": 0.07
    },
    "network": {
      "sent_mb": 0.69,
      "recv_mb": 0.81,
      "sent_packets": 4138,
      "recv_packets": 4472,
      "send_rate_mbps": 0.09,
      "recv_rate_mbps": 0.11
    },
    "disk": {
      "read_mb": 3.35,
      "write_mb": 42.64,
      "read_iops": 0.7,
      "write_iops": 67.3
    },
    "context_switches_per_sec": 40082.0,
    "process_count": 267,
    "python_processes": 2,
    "ck_on_7777": true
  },
  "phase_b": {
    "phase": "B (CK OFF)",
    "duration_s": 60.14592123031616,
    "samples": 378,
    "jitter": {
      "p50_ms": 56.09216690063476,
      "p95_ms": 71.8745231628418,
      "p99_ms": 99.99761581420898,
      "p999_ms": 163.26775550842285,
      "max_ms": 163.26775550842285,
      "mean_ms": 59.13271954450657,
      "stdev_ms": 10.342153803659432
    },
    "cpu": {
      "overall_avg_pct": 15.374255952380953,
      "per_core_avg_pct": [
        11.4,
        14.1,
        32.9,
        12.7,
        13.8,
        18.7,
        14.1,
        12.5,
        46.8,
        47.1,
        57.7,
        37.4,
        14.4,
        11.3,
        11.1,
        31.8,
        4.1,
        4.3,
        3.9,
        6.8,
        5.7,
        5.9,
        4.8,
        5.3,
        5.3,
        5.8,
        6.1,
        5.3,
        6.5,
        5.7,
        6.4,
        22.5
      ],
      "max_any_core_pct": 100.0
    },
    "gpu": {
      "temp_avg_c": 54.5,
      "temp_max_c": 59.0,
      "util_avg_pct": 34.5,
      "util_max_pct": 70.0,
      "power_avg_w": 66.4,
      "power_max_w": 104.98,
      "vram_used_mb": 3236.0,
      "clock_core_avg_mhz": 2152.0
    },
    "memory": {
      "ram_avg_gb": 17.93,
      "ram_max_gb": 18.22,
      "ram_avg_pct": 56.5,
      "swap_avg_gb": 0.07
    },
    "network": {
      "sent_mb": 0.68,
      "recv_mb": 0.81,
      "sent_packets": 4116,
      "recv_packets": 4352,
      "send_rate_mbps": 0.09,
      "recv_rate_mbps": 0.11
    },
    "disk": {
      "read_mb": 18.23,
      "write_mb": 32.24,
      "read_iops": 8.8,
      "write_iops": 46.4
    },
    "context_switches_per_sec": 40258.0,
    "process_count": 263,
    "python_processes": 1,
    "ck_on_7777": false
  },
  "timestamp": 1774504240.4538841
}