{
  "single_means": {
    "A": {
      "2": 0.46680730580682556,
      "3": 0.4408638656770316,
      "4": 0.450983430664243,
      "5": 0.47273453288309397,
      "6": 0.4974939073102137,
      "7": 0.5206253183689428,
      "8": 0.5441955034350215,
      "9": 0.5689370641491022,
      "10": 0.5929305759677334,
      "11": 0.6083945199136213,
      "12": 0.6296426945705924,
      "13": 0.6451545085305718,
      "14": 0.6548837396680866,
      "15": 0.6743071882661932,
      "16": 0.6814776787559045,
      "17": 0.6927106469167411,
      "18": 0.7020755188830216,
      "19": 0.7108826022871183,
      "20": 0.7220016369936548,
      "21": 0.7237956464761415
    },
    "B": {
      "2": -0.1146682323996349,
      "3": -0.1285876846614345,
      "4": -0.12089947690955942,
      "5": -0.10128454718151311,
      "6": -0.0747294528760934,
      "7": -0.052671275106246786,
      "8": -0.027313936041671413,
      "9": 0.002224706996456385,
      "10": 0.038397371254564876,
      "11": 0.05733969676157265,
      "12": 0.09936442093133269,
      "13": 0.12448519742929036,
      "14": 0.15083791819739822,
      "15": 0.18128112029645516,
      "16": 0.20127413751217693,
      "17": 0.246899010973242,
      "18": 0.2784732406336109,
      "19": 0.30437383737171064,
      "20": 0.3596257391003468,
      "21": 0.3591001423233779
    },
    "C": {
      "2": 0.4415429606606477,
      "3": 0.314351680599135,
      "4": 0.2526162919846169,
      "5": 0.2178245228675969,
      "6": 0.19538779672799078,
      "7": 0.17905052560678278,
      "8": 0.1687574092266733,
      "9": 0.16207281775948695,
      "10": 0.15782071787497284,
      "11": 0.15214765348012832,
      "12": 0.15105910989830304,
      "13": 0.14956764514174894,
      "14": 0.1456989372722641,
      "15": 0.14838014033284483,
      "16": 0.1442098669258275,
      "17": 0.14418347418940405,
      "18": 0.14393396398580863,
      "19": 0.14330143708896517,
      "20": 0.14908921724554472,
      "21": 0.14583078565050958
    },
    "D": {
      "2": 0.2797255555555563,
      "3": 0.3063033333333339,
      "4": 0.3500911111111115,
      "5": 0.4009144444444448,
      "6": 0.4518455555555558,
      "7": 0.5053244444444445,
      "8": 0.5621299999999997,
      "9": 0.6208344444444441,
      "10": 0.6804388888888886,
      "11": 0.7302388888888885,
      "12": 0.7996511111111106,
      "13": 0.8496833333333331,
      "14": 0.9042922222222219,
      "15": 0.9684888888888884,
      "16": 1.024253333333333,
      "17": 1.0719044444444437,
      "18": 1.1430644444444444,
      "19": 1.1940777777777773,
      "20": 1.2683211111111106,
      "21": 1.3164555555555553
    },
    "E": {
      "2": -0.23411553992941003,
      "3": -0.4046179095980016,
      "4": -0.4644383846137596,
      "5": -0.48089393265305197,
      "6": -0.48176629496734436,
      "7": -0.4745558922202038,
      "8": -0.46362836086516346,
      "9": -0.4479350979474231,
      "10": -0.42955297223571326,
      "11": -0.41176633112072286,
      "12": -0.39444205475427135,
      "13": -0.38133641672730967,
      "14": -0.36990919064180816,
      "15": -0.34860020963414573,
      "16": -0.34009481765296695,
      "17": -0.32593720972508844,
      "18": -0.3165569379483897,
      "19": -0.30734547080463276,
      "20": -0.28760152800916733,
      "21": -0.28904135276225795
    }
  },
  "agg": {
    "2": 8.399999999999999,
    "3": 5.4,
    "4": 4.8,
    "5": 5.2,
    "6": 5.3999999999999995,
    "7": 6.2,
    "8": 7.0,
    "9": 7.6,
    "10": 8.2,
    "11": 8.799999999999999,
    "12": 9.6,
    "13": 10.2,
    "14": 10.2,
    "15": 11.4,
    "16": 11.6,
    "17": 12.2,
    "18": 12.8,
    "19": 13.399999999999999,
    "20": 16.0,
    "21": 15.6
  },
  "top3": {
    "2": 7,
    "3": 9,
    "4": 10,
    "5": 5,
    "6": 3,
    "7": 2,
    "8": 0,
    "9": 0,
    "10": 0,
    "11": 0,
    "12": 0,
    "13": 0,
    "14": 0,
    "15": 0,
    "16": 1,
    "17": 2,
    "18": 2,
    "19": 3,
    "20": 0,
    "21": 1
  },
  "best_overall": 4,
  "k7_rank": 5,
  "total_settings": 15,
  "multi_optima": [
    [
      "A",
      3
    ],
    [
      "A",
      4
    ],
    [
      "B",
      4
    ],
    [
      "B",
      2
    ],
    [
      "C",
      21
    ],
    [
      "C",
      16
    ],
    [
      "D",
      2
    ],
    [
      "D",
      2
    ],
    [
      "E",
      6
    ],
    [
      "E",
      5
    ],
    [
      "A_single",
      3
    ],
    [
      "B_single",
      3
    ],
    [
      "C_single",
      19
    ],
    [
      "D_single",
      2
    ],
    [
      "E_single",
      6
    ]
  ]
}