{
  "problem_id": "hodge",
  "test_case": "algebraic",
  "seed": 42,
  "n_levels": 12,
  "tig_path": [
    2,
    3,
    5,
    7,
    9
  ],
  "steps": [
    {
      "level": 0,
      "operator": 0,
      "operator_name": "VOID",
      "force_vector": [
        0.9696809447369847,
        0.021031905526301523,
        0.2,
        0.9396809447369847,
        0.9396809447369847
      ],
      "d2_vector": [
        -0.033895439813361516,
        -0.0013257329287330935,
        0.0,
        -0.033895439813361516,
        0.01325732928733081
      ],
      "d2_magnitude": 0.04975254795398395,
      "master_lemma_defect": 0.021031905526301523,
      "lens_mismatch": 8.625115023214209e-05,
      "coherence_action": 0.44761688901362895,
      "coherence_band": "YELLOW",
      "collapse_distance": 0.26666882527208535,
      "step_hash": "7515dadabe645f77"
    },
    {
      "level": 1,
      "operator": 0,
      "operator_name": "VOID",
      "force_vector": [
        0.9820893217262328,
        0.02020893217262328,
        0.2,
        0.9520893217262327,
        0.9479106782737672
      ],
      "d2_vector": [
        0.03556028539055278,
        -0.0005715935661508194,
        0.0,
        0.03556028539055278,
        0.005715935661508298
      ],
      "d2_magnitude": 0.05061685918551734,
      "master_lemma_defect": 0.02020893217262328,
      "lens_mismatch": 2.2743032086440325e-05,
      "coherence_action": 0.4478390413332779,
      "coherence_band": "YELLOW",
      "collapse_distance": 0.2664466729524364,
      "step_hash": "57c59bec609967b9"
    },
    {
      "level": 2,
      "operator": 0,
      "operator_name": "VOID",
      "force_vector": [
        0.9928328531382895,
        0.021283285313828948,
        0.2,
        0.9628328531382895,
        0.9371671468617105
      ],
      "d2_vector": [
        -0.0016648455771912651,
        0.0018973264948839129,
        0.0,
        -0.0016648455771912651,
        -0.018973264948839108
      ],
      "d2_magnitude": 0.019212705489826825,
      "master_lemma_defect": 0.021283285313828948,
      "lens_mismatch": 0.0008579938434750006,
      "coherence_action": 0.44154231187389525,
      "coherence_band": "YELLOW",
      "collapse_distance": 0.27274340241181905,
      "step_hash": "6d1ac8326d26263b"
    },
    {
      "level": 3,
      "operator": 0,
      "operator_name": "VOID",
      "force_vector": [
        0.9847679665341188,
        0.020476796653411882,
        0.2,
        0.9547679665341188,
        0.9452320334658811
      ],
      "d2_vector": [
        -0.018808418016227457,
        -0.0018808418016227346,
        0.0,
        -0.018808418016227457,
        0.018808418016227235
      ],
      "d2_magnitude": 0.03263138566935477,
      "master_lemma_defect": 0.020476796653411882,
      "lens_mismatch": 0.00011844156037518462,
      "coherence_action": 0.4441940226897674,
      "coherence_band": "YELLOW",
      "collapse_distance": 0.2700916915959469,
      "step_hash": "69a474ac70d2ce28"
    },
    {
      "level": 4,
      "operator": 0,
      "operator_name": "VOID",
      "force_vector": [
        0.9778336339043076,
        0.020216636609569242,
        0.2,
        0.9478336339043075,
        0.9478336339043076
      ],
      "d2_vector": [
        0.0011305539743594606,
        0.0005463286165744256,
        0.0,
        0.0011305539743594606,
        -0.005463286165744097
      ],
      "d2_magnitude": 0.005718590321397303,
      "master_lemma_defect": 0.020216636609569242,
      "lens_mismatch": 3.801445069058054e-06,
      "coherence_action": 0.43874347721584944,
      "coherence_band": "YELLOW",
      "collapse_distance": 0.27554223706986486,
      "step_hash": "3373aa91e24f32ac"
    },
    {
      "level": 5,
      "operator": 0,
      "operator_name": "VOID",
      "force_vector": [
        0.9616443432422306,
        0.021835565675776943,
        0.2,
        0.9316443432422306,
        0.9316443432422306
      ],
      "d2_vector": [
        -0.009254958032265725,
        0.0018790891100503408,
        0.0,
        -0.009254958032265725,
        -0.01879089110050358
      ],
      "d2_magnitude": 0.022976881002270397,
      "master_lemma_defect": 0.021835565675776943,
      "lens_mismatch": 0.00027291340935732756,
      "coherence_action": 0.4421693595181993,
      "coherence_band": "YELLOW",
      "collapse_distance": 0.272116354767515,
      "step_hash": "985dfccac7f344c8"
    },
    {
      "level": 6,
      "operator": 7,
      "operator_name": "HARMONY",
      "force_vector": [
        0.9800887525011566,
        0.020008875250115656,
        0.2,
        0.9500887525011565,
        0.9499112474988435
      ],
      "d2_vector": [
        0.03463369992100296,
        -0.003445619491868987,
        0.0,
        0.03463369992100296,
        0.03445619491869001
      ],
      "d2_magnitude": 0.05998406457046461,
      "master_lemma_defect": 0.020008875250115656,
      "lens_mismatch": 4.1039203664626324e-08,
      "coherence_action": 0.4497461585794795,
      "coherence_band": "YELLOW",
      "collapse_distance": 0.2645395557062348,
      "step_hash": "8a951448784255f9"
    },
    {
      "level": 7,
      "operator": 0,
      "operator_name": "VOID",
      "force_vector": [
        0.983140403056268,
        0.020314040305626804,
        0.2,
        0.953140403056268,
        0.946859596943732
      ],
      "d2_vector": [
        -0.015392758703814513,
        0.0021318554811724337,
        0.0,
        -0.015392758703814513,
        -0.0213185548117244
      ],
      "d2_magnitude": 0.030543405639856493,
      "master_lemma_defect": 0.020314040305626804,
      "lens_mismatch": 5.138170436380888e-05,
      "coherence_action": 0.4127715348018971,
      "coherence_band": "YELLOW",
      "collapse_distance": 0.3015141794838172,
      "step_hash": "6cd6c73171d16325"
    },
    {
      "level": 8,
      "operator": 0,
      "operator_name": "VOID",
      "force_vector": [
        0.9756726884507247,
        0.02043273115492752,
        0.2,
        0.9456726884507247,
        0.9456726884507248
      ],
      "d2_vector": [
        -0.01051936516065477,
        -0.00018647420621042965,
        0.0,
        -0.01051936516065477,
        0.0018647420621042965
      ],
      "d2_magnitude": 0.01499420295828216,
      "master_lemma_defect": 0.02043273115492752,
      "lens_mismatch": 1.5167756448037934e-05,
      "coherence_action": 0.4127335375980211,
      "coherence_band": "YELLOW",
      "collapse_distance": 0.3015521766876932,
      "step_hash": "661b78c8fce1fb04"
    },
    {
      "level": 9,
      "operator": 0,
      "operator_name": "VOID",
      "force_vector": [
        0.9712558791039504,
        0.020874412089604954,
        0.2,
        0.9412558791039504,
        0.9412558791039505
      ],
      "d2_vector": [
        0.0030509052587689434,
        0.0003229900853767148,
        0.0,
        0.0030509052587689434,
        -0.003229900853767176
      ],
      "d2_magnitude": 0.005399317356516986,
      "master_lemma_defect": 0.020874412089604954,
      "lens_mismatch": 6.19323166982327e-05,
      "coherence_action": 0.41319792730623306,
      "coherence_band": "YELLOW",
      "collapse_distance": 0.30108778697948124,
      "step_hash": "8df4bb639384db24"
    },
    {
      "level": 10,
      "operator": 0,
      "operator_name": "VOID",
      "force_vector": [
        0.9827900303332702,
        0.020279003033327025,
        0.2,
        0.9527900303332701,
        0.9472099696667298
      ],
      "d2_vector": [
        0.01595096057609413,
        -0.0010370899909553609,
        0.0,
        0.01595096057609413,
        0.010370899909553644
      ],
      "d2_magnitude": 0.024849495109227834,
      "master_lemma_defect": 0.020279003033327025,
      "lens_mismatch": 4.055604284755829e-05,
      "coherence_action": 0.4191191842943556,
      "coherence_band": "YELLOW",
      "collapse_distance": 0.29516652999135873,