{
  "problem_id": "navier_stokes",
  "test_case": "lamb_oseen",
  "seed": 42,
  "n_levels": 12,
  "tig_path": [
    0,
    1,
    2,
    3,
    7,
    9
  ],
  "steps": [
    {
      "level": 0,
      "operator": 0,
      "operator_name": "VOID",
      "force_vector": [
        0.40515952763150764,
        0.24700533169704772,
        1.0,
        0.1,
        0.8888476007363285
      ],
      "d2_vector": [
        0.016947719906680758,
        -0.0022596959875573475,
        0.0,
        0.0,
        0.0010168631944008633
      ],
      "d2_magnitude": 0.017127914255612477,
      "master_lemma_defect": 0.40515952763150764,
      "lens_mismatch": 0.04296013860850841,
      "coherence_action": 0.4211956585729599,
      "coherence_band": "YELLOW",
      "collapse_distance": 0.2930900557127544,
      "step_hash": "d963eb079f6fe16f"
    },
    {
      "level": 1,
      "operator": 1,
      "operator_name": "LATTICE",
      "force_vector": [
        0.3345335704131145,
        0.09397127947590266,
        0.5,
        0.13,
        0.9534842166594282
      ],
      "d2_vector": [
        -0.08220191141904554,
        -0.1514905916610581,
        -0.5,
        0.03,
        0.06394205867106051
      ],
      "d2_magnitude": 0.5335683090943983,
      "master_lemma_defect": 0.3345335704131145,
      "lens_mismatch": 0.2523353347014253,
      "coherence_action": 0.560230316524273,
      "coherence_band": "YELLOW",
      "collapse_distance": 0.15405539776144128,
      "step_hash": "ca7c82f80101686f"
    },
    {
      "level": 2,
      "operator": 8,
      "operator_name": "BREATH",
      "force_vector": [
        0.29503860043200925,
        0.01509668299255734,
        0.25,
        0.16,
        0.991847791184019
      ],
      "d2_vector": [
        0.03113098723728791,
        0.07415945573779975,
        0.25,
        0.0,
        -0.026273041398508945
      ],
      "d2_magnitude": 0.26392998303721127,
      "master_lemma_defect": 0.29503860043200925,
      "lens_mismatch": 0.6587121253949283,
      "coherence_action": 0.5569806202249579,
      "coherence_band": "YELLOW",
      "collapse_distance": 0.15730509406075643,
      "step_hash": "19744a316f493f2f"
    },
    {
      "level": 3,
      "operator": 7,
      "operator_name": "HARMONY",
      "force_vector": [
        0.3112950800680532,
        0.0007223588964026877,
        0.125,
        0.19,
        0.9995774200456045
      ],
      "d2_vector": [
        0.055751449617149174,
        0.06450027238719067,
        0.125,
        0.0,
        -0.03063394566300537
      ],
      "d2_magnitude": 0.15437599521725934,
      "master_lemma_defect": 0.3112950800680532,
      "lens_mismatch": 0.9020239114786139,
      "coherence_action": 0.5678044288207025,
      "coherence_band": "YELLOW",
      "collapse_distance": 0.14648128546501182,
      "step_hash": "dcc46cbdb70a8527"
    },
    {
      "level": 4,
      "operator": 7,
      "operator_name": "HARMONY",
      "force_vector": [
        0.3675843680322557,
        0.0,
        0.0625,
        0.22000000000000003,
        1.0
      ],
      "d2_vector": [
        0.04003280832815859,
        0.013651965199751965,
        0.0625,
        2.7755575615628914e-17,
        -0.007307048907189806
      ],
      "d2_magnitude": 0.07581981838666185,
      "master_lemma_defect": 0.3675843680322557,
      "lens_mismatch": 1.0156671470521905,
      "coherence_action": 0.5143726074610411,
      "coherence_band": "YELLOW",
      "collapse_distance": 0.19991310682467323,
      "step_hash": "a121b69c35196f31"
    },
    {
      "level": 5,
      "operator": 0,
      "operator_name": "VOID",
      "force_vector": [
        0.44425615114784667,
        0.0,
        0.03125,
        0.25,
        1.0
      ],
      "d2_vector": [
        0.020382495151388458,
        0.0007223588964026877,
        0.03125,
        -5.551115123125783e-17,
        -0.0004225799543955411
      ],
      "d2_magnitude": 0.0373190163963286,
      "master_lemma_defect": 0.44425615114784667,
      "lens_mismatch": 1.0647219650543311,
      "coherence_action": 0.47495917023990725,
      "coherence_band": "YELLOW",
      "collapse_distance": 0.23932654404580705,
      "step_hash": "a22dd37b821d1b42"
    },
    {
      "level": 6,
      "operator": 0,
      "operator_name": "VOID",
      "force_vector": [
        0.4871132009907805,
        5.916833410445135e-06,
        0.015625,
        0.27999999999999997,
        0.9999957398799445
      ],
      "d2_vector": [
        -0.03381473327265716,
        5.916833410445135e-06,
        0.015625,
        0.0,
        -4.26012005549925e-06
      ],
      "d2_magnitude": 0.03725019281102432,
      "master_lemma_defect": 0.4871132009907805,
      "lens_mismatch": 1.1042556184207846,
      "coherence_action": 0.4836119066415444,
      "coherence_band": "YELLOW",
      "collapse_distance": 0.2306738076441699,
      "step_hash": "ab94e90a91be3613"
    },
    {
      "level": 7,
      "operator": 0,
      "operator_name": "VOID",
      "force_vector": [
        0.49667505973429926,
        0.0002093602037512022,
        0.0078125,
        0.31,
        0.9998398394441304
      ],
      "d2_vector": [
        -0.033295191099415034,
        0.00019752653693031193,
        0.0078125,
        5.551115123125783e-17,
        -0.0001516403157586499
      ],
      "d2_magnitude": 0.0342003935374247,
      "master_lemma_defect": 0.49667505973429926,
      "lens_mismatch": 1.1451299508212058,
      "coherence_action": 0.49065832550992755,
      "coherence_band": "YELLOW",
      "collapse_distance": 0.22362738877578675,
      "step_hash": "eb1b36a70a9c2411"
    },
    {
      "level": 8,
      "operator": 0,
      "operator_name": "VOID",
      "force_vector": [
        0.46529031956186984,
        0.0,
        0.00390625,
        0.33999999999999997,
        1.0
      ],
      "d2_vector": [
        -0.04094659891594821,
        -0.0004128035740919593,
        0.00390625,
        -5.551115123125783e-17,
        0.00031606099168379753
      ],
      "d2_magnitude": 0.04113578798549115,
      "master_lemma_defect": 0.46529031956186984,
      "lens_mismatch": 1.203930783827258,
      "coherence_action": 0.5005096746977311,
      "coherence_band": "YELLOW",
      "collapse_distance": 0.2137760395879832,
      "step_hash": "e84d294da32c7eee"
    },
    {
      "level": 9,
      "operator": 0,
      "operator_name": "VOID",
      "force_vector": [
        0.40269067039958983,
        0.0,
        0.001953125,
        0.37,
        1.0
      ],
      "d2_vector": [
        -0.031214908989850576,
        0.0002093602037512022,
        0.001953125,
        5.551115123125783e-17,
        -0.0001601605558696484
      ],
      "d2_magnitude": 0.03127706385850262,
      "master_lemma_defect": 0.40269067039958983,
      "lens_mismatch": 1.2882528710848296,
      "coherence_action": 0.5077563696144866,
      "coherence_band": "YELLOW",
      "collapse_distance": 0.20652934467122774,
      "step_hash": "4522f8d341ae6454"
    },
    {
      "level": 10,
      "operator": 0,
      "operator_name": "VOID",
      "force_vector": [
        0.332906324961486,
        0.00018600202221801597,
        0.0009765625,
        0.4,
        0.9998325981800038
      ],
      "d2_vector": [
        -0.007184696275823854,
        0.00018600202221801597,
        0.0009765625,
        0.0,
        -0.00016740181999619352
      ],
      "d2_magnitude": 0.007255077877862556,
      "master_lemma_defect": 0.332906324961486,
      "lens_mismatch": 1.3910023566967222,
      "coherence_action": 0.5116657105229632,
      "coherence_band": "YELLOW",
      "collapse_distance": 0.20262000376275113,
      "step_hash": "f646cd0aab9007c2"
    },
    {
      "level": 11,
      "operator": 0,
      "operator_name": "VOID",
      "force_vector": [
        0.2972913076140321,
        0.0005189158664357153,
        0.00048828125,
        0.43,
        0.9995096245062183
      ],