{
  "problem_id": "riemann",
  "test_case": "known_zero",
  "seed": 42,
  "n_levels": 12,
  "tig_path": [
    0,
    1,
    2,
    5,
    7,
    8,
    9
  ],
  "steps": [
    {
      "level": 0,
      "operator": 8,
      "operator_name": "BREATH",
      "force_vector": [
        1.0,
        0.6232602910908567,
        0.14031534447369848,
        1.0,
        0.0
      ],
      "d2_vector": [
        0.0,
        0.03804183516506854,
        -0.0005728593731209319,
        0.4327311549275197,
        0.0
      ],
      "d2_magnitude": 0.434400462517586,
      "master_lemma_defect": 0.0,
      "lens_mismatch": 0.0,
      "coherence_action": 0.5269660936598112,
      "coherence_band": "YELLOW",
      "collapse_distance": 0.18731962062590313,
      "step_hash": "7e86d1e9148a50af"
    },
    {
      "level": 1,
      "operator": 4,
      "operator_name": "COLLAPSE",
      "force_vector": [
        1.0,
        0.7667775809153585,
        0.14158564832670595,
        0.0,
        0.3916816952153799
      ],
      "d2_vector": [
        0.0,
        0.12374996066421184,
        0.0023110846294246423,
        -1.7163655774637598,
        0.3916816952153799
      ],
      "d2_magnitude": 1.7648356126693097,
      "master_lemma_defect": 0.0,
      "lens_mismatch": 0.0,
      "coherence_action": 0.6066538696651387,
      "coherence_band": "YELLOW",
      "collapse_distance": 0.10763184462057562,
      "step_hash": "46d48e538a442f57"
    },
    {
      "level": 2,
      "operator": 6,
      "operator_name": "CHAOS",
      "force_vector": [
        1.0,
        0.8203400240198442,
        0.1413502084167052,
        0.28363442253624016,
        0.5619865647910656
      ],
      "d2_vector": [
        0.0,
        -0.08995484672001619,
        -0.001505743763008216,
        1.2836344225362402,
        -0.22137682563969419
      ],
      "d2_magnitude": 1.3056872410202054,
      "master_lemma_defect": 0.0,
      "lens_mismatch": 0.0,
      "coherence_action": 0.5765485801535608,
      "coherence_band": "YELLOW",
      "collapse_distance": 0.1377371341321535,
      "step_hash": "8e1d2a5aefc6c671"
    },
    {
      "level": 3,
      "operator": 8,
      "operator_name": "BREATH",
      "force_vector": [
        1.0,
        0.8621615890485993,
        0.14112864697759875,
        0.8891868998267864,
        0.680249241668244
      ],
      "d2_vector": [
        0.0,
        -0.011740878075730543,
        1.3878470894290729e-05,
        0.3219180547543061,
        -0.052042192698507295
      ],
      "d2_magnitude": 0.32630886014367755,
      "master_lemma_defect": 0.0,
      "lens_mismatch": 0.0,
      "coherence_action": 0.4930775441790947,
      "coherence_band": "YELLOW",
      "collapse_distance": 0.22120817010661958,
      "step_hash": "da8011abc3b5a538"
    },
    {
      "level": 4,
      "operator": 5,
      "operator_name": "BALANCE",
      "force_vector": [
        1.0,
        0.8806625294888466,
        0.1416088400147447,
        1.0,
        0.7289825182401729
      ],
      "d2_vector": [
        0.0,
        -0.02332062458850781,
        0.0007017544762523975,
        -0.49473937711733273,
        -0.06952940030524946
      ],
      "d2_magnitude": 0.5001457115359453,
      "master_lemma_defect": 0.0,
      "lens_mismatch": 0.0,
      "coherence_action": 0.5282576498556371,
      "coherence_band": "YELLOW",
      "collapse_distance": 0.18602806443007724,
      "step_hash": "a21f241bff320e10"
    },
    {
      "level": 5,
      "operator": 1,
      "operator_name": "LATTICE",
      "force_vector": [
        1.0,
        0.8937534715187212,
        0.1411548192129064,
        0.24963969228660032,
        0.7622464541575696
      ],
      "d2_vector": [
        0.0,
        -0.005409998410372707,
        -0.0009342138389842325,
        -0.8611734078866132,
        -0.015469340654532204
      ],
      "d2_magnitude": 0.8613298321721049,
      "master_lemma_defect": 0.0,
      "lens_mismatch": 0.0,
      "coherence_action": 0.5412198161890356,
      "coherence_band": "YELLOW",
      "collapse_distance": 0.17306589809667872,
      "step_hash": "d66ce2b816f5b10f"
    },
    {
      "level": 6,
      "operator": 6,
      "operator_name": "CHAOS",
      "force_vector": [
        1.0,
        0.9328127240046796,
        0.14119125955384296,
        1.0,
        0.8559469135307733
      ],
      "d2_vector": [
        0.0,
        0.025968310456083832,
        0.0004904611427748451,
        1.5007206154267994,
        0.06043652345580697
      ],
      "d2_magnitude": 1.5021616200111398,
      "master_lemma_defect": 0.0,
      "lens_mismatch": 0.0,
      "coherence_action": 0.5513634850505849,
      "coherence_band": "YELLOW",
      "collapse_distance": 0.16292222923512945,
      "step_hash": "a0789bcb1dabdf5e"
    },
    {
      "level": 7,
      "operator": 9,
      "operator_name": "RESET",
      "force_vector": [
        1.0,
        0.9290749562699075,
        0.14150931183145737,
        0.4768054125379371,
        0.8473211590702097
      ],
      "d2_vector": [
        0.0,
        -0.04279702022073051,
        0.00028161193667786133,
        -1.2735548951754627,
        -0.10232621383376739
      ],
      "d2_magnitude": 1.2783756839474045,
      "master_lemma_defect": 0.0,
      "lens_mismatch": 0.0,
      "coherence_action": 0.5396147234072387,
      "coherence_band": "YELLOW",
      "collapse_distance": 0.1746709908784756,
      "step_hash": "b04f32e31d9b2bf5"
    },
    {
      "level": 8,
      "operator": 7,
      "operator_name": "HARMONY",
      "force_vector": [
        1.0,
        0.8690176301287301,
        0.14146779170350862,
        0.0,
        0.6985507190415297
      ],
      "d2_vector": [
        0.0,
        -0.056319558406405346,
        -0.00035957240556316883,
        0.04638917492412575,
        -0.14014468556811632
      ],
      "d2_magnitude": 0.15800161516432254,
      "master_lemma_defect": 0.0,
      "lens_mismatch": 0.0,
      "coherence_action": 0.4234953270707753,
      "coherence_band": "YELLOW",
      "collapse_distance": 0.290790387214939,
      "step_hash": "9bec312c45da1dd4"
    },
    {
      "level": 9,
      "operator": 1,
      "operator_name": "LATTICE",
      "force_vector": [
        1.0,
        0.925503028449641,
        0.14126374333339953,
        2.1893625107294312e-07,
        0.8390130139819146
      ],
      "d2_vector": [
        0.0,
        0.11654272446208835,
        -0.00016252824216034245,
        0.4768056314741882,
        0.289232734969065
      ],
      "d2_magnitude": 0.569720473762055,
      "master_lemma_defect": 0.0,
      "lens_mismatch": 0.0,
      "coherence_action": 0.4709658804280634,
      "coherence_band": "YELLOW",
      "collapse_distance": 0.24331983385765088,
      "step_hash": "24c1e6a9ed92e665"
    },
    {
      "level": 10,
      "operator": 3,
      "operator_name": "PROGRESS",
      "force_vector": [
        1.0,
        0.91707413810789,
        0.14125782296894757,
        1.0,
        0.819151236642213
      ],
      "d2_vector": [
        0.0,
        -0.06491428866266202,
        0.0001981280056571333,
        0.9999995621274979,
        -0.1603240722800866
      ],
      "d2_magnitude": 1.0148481839836656,
      "master_lemma_defect": 0.0,
      "lens_mismatch": 0.0,
      "coherence_action": 0.49627952965914246,
      "coherence_band": "YELLOW",
      "collapse_distance": 0.21800618462657184,
      "step_hash": "1c8e0dc42c1fbdf6"
    },
    {
      "level": 11,
      "operator": 4,
      "operator_name": "COLLAPSE",
      "force_vector": [
        1.0,
        0.946426474076982,
        0.14128899741132864,
        0.0,
        0.8867877698047988
      ],
      "d2_vector": [
        0.0,
        0.03778122631084313,
        3.7094806833032345e-05,
        -1.9999997810637489,
        0.0874983105022874
      ],
      "d2_magnitude": 2.0,
      "master_lemma_defect": 0.0,
      "lens_mismatch": 0.0,
      "coherence_action": 0.543590909090909,