{
  "problem_id": "yang_mills",
  "test_case": "bpst_instanton",
  "seed": 42,
  "n_levels": 12,
  "tig_path": [
    0,
    2,
    4,
    7,
    8,
    9
  ],
  "steps": [
    {
      "level": 0,
      "operator": 0,
      "operator_name": "VOID",
      "force_vector": [
        0.8396809447369847,
        0.9998693076383351,
        0.9,
        0.9998968094473698,
        0.8896809447369848
      ],
      "d2_vector": [
        -0.033895439813361516,
        -0.00013069236166485254,
        0.0,
        0.00013257329287330588,
        0.013257329287331032
      ],
      "d2_magnitude": 0.03639632228873295,
      "master_lemma_defect": 0.16042224581564546,
      "lens_mismatch": 0.8170088923486947,
      "coherence_action": 0.5699471652939079,
      "coherence_band": "YELLOW",
      "collapse_distance": 0.14433854899180643,
      "step_hash": "ae51a47b35c2a03d"
    },
    {
      "level": 1,
      "operator": 5,
      "operator_name": "BALANCE",
      "force_vector": [
        0.8520893217262328,
        0.5000264615687889,
        0.95,
        0.9999791067827377,
        0.9479106782737672
      ],
      "d2_vector": [
        0.03556028539055278,
        -0.49971215370788136,
        0.04999999999999993,
        5.7159356615210655e-05,
        0.05571593566150812
      ],
      "d2_magnitude": 0.5065382899784143,
      "master_lemma_defect": 0.14793157149102953,
      "lens_mismatch": 1.022443302116707,
      "coherence_action": 0.6952380502194948,
      "coherence_band": "YELLOW",
      "collapse_distance": 0.019047664066219494,
      "step_hash": "388ef11810c9f73c"
    },
    {
      "level": 2,
      "operator": 8,
      "operator_name": "BREATH",
      "force_vector": [
        0.8628328531382895,
        0.3334958633170183,
        0.9666666666666667,
        0.9998716714686171,
        0.9538338135283772
      ],
      "d2_vector": [
        -0.0016648455771912651,
        0.3333122478177756,
        -0.033333333333333215,
        -0.00018973264948862756,
        -0.05230659828217232
      ],
      "d2_magnitude": 0.3390382774696333,
      "master_lemma_defect": 0.1372954753930934,
      "lens_mismatch": 1.1897518009063965,
      "coherence_action": 0.6570445679100843,
      "coherence_band": "YELLOW",
      "collapse_distance": 0.05724114637563005,
      "step_hash": "3da6edc563f14f9c"
    },
    {
      "level": 3,
      "operator": 7,
      "operator_name": "HARMONY",
      "force_vector": [
        0.8547679665341188,
        0.2500603870016005,
        0.975,
        0.9999523203346588,
        0.9702320334658812
      ],
      "d2_vector": [
        -0.018808418016227457,
        0.08309512193635282,
        -0.008333333333333415,
        0.00018808418016225126,
        0.010475084682894042
      ],
      "d2_magnitude": 0.08624246690063757,
      "master_lemma_defect": 0.14527971313122245,
      "lens_mismatch": 1.3069289371034483,
      "coherence_action": 0.5992945196281935,
      "coherence_band": "YELLOW",
      "collapse_distance": 0.11499119465752083,
      "step_hash": "c8271e4601e6874b"
    },
    {
      "level": 4,
      "operator": 0,
      "operator_name": "VOID",
      "force_vector": [
        0.8478336339043075,
        0.19997256265287272,
        0.98,
        0.9999783363390431,
        0.9778336339043076
      ],
      "d2_vector": [
        0.0011305539743594606,
        0.03334765196669004,
        -0.0033333333333332993,
        -5.463286165729997e-05,
        -0.008796619499077618
      ],
      "d2_magnitude": 0.03466754468451238,
      "master_lemma_defect": 0.15218802975664936,
      "lens_mismatch": 1.3758402167942398,
      "coherence_action": 0.5386170157156482,
      "coherence_band": "YELLOW",
      "collapse_distance": 0.17566869857006606,
      "step_hash": "3dd2fb113747a395"
    },
    {
      "level": 5,
      "operator": 0,
      "operator_name": "VOID",
      "force_vector": [
        0.8316443432422306,
        0.16643418955801295,
        0.9833333333333333,
        0.9998164434324223,
        0.9649776765755639
      ],
      "d2_vector": [
        -0.009254958032265725,
        0.016549451253868003,
        -0.0016666666666667052,
        -0.0001879089110051746,
        -0.020457557767170065
      ],
      "d2_magnitude": 0.02794393211981568,
      "master_lemma_defect": 0.16853921332534716,
      "lens_mismatch": 1.3733322425665648,
      "coherence_action": 0.5448609013214883,
      "coherence_band": "YELLOW",
      "collapse_distance": 0.16942481296422596,
      "step_hash": "6f9630ee812a920a"
    },
    {
      "level": 6,
      "operator": 0,
      "operator_name": "VOID",
      "force_vector": [
        0.8500887525011566,
        0.1428582669207014,
        0.9857142857142858,
        0.9999991124749885,
        0.9856255332131292
      ],
      "d2_vector": [
        0.03463369992100296,
        0.009962450457548205,
        -0.0009523809523808158,
        0.00034456194918708327,
        0.03350381396630897
      ],
      "d2_magnitude": 0.049216611952078826,
      "master_lemma_defect": 0.14991213502385492,
      "lens_mismatch": 1.471630901922194,
      "coherence_action": 0.5563058478019595,
      "coherence_band": "YELLOW",
      "collapse_distance": 0.15797986648375484,
      "step_hash": "f0090ddf35462129"
    },
    {
      "level": 7,
      "operator": 0,
      "operator_name": "VOID",
      "force_vector": [
        0.853140403056268,
        0.12503977366934688,
        0.9875,
        0.9999685959694373,
        0.984359596943732
      ],
      "d2_vector": [
        -0.015392758703814513,
        0.0057574293859570524,
        -0.0005952380952382041,
        -0.00021318554811733392,
        -0.021913792906962604
      ],
      "d2_magnitude": 0.02739888847536215,
      "master_lemma_defect": 0.14689100097429464,
      "lens_mismatch": 1.4990325178773363,
      "coherence_action": 0.5562659048480603,
      "coherence_band": "YELLOW",
      "collapse_distance": 0.15801980943765404,
      "step_hash": "65c2dedd24fb4a31"
    },
    {
      "level": 8,
      "operator": 0,
      "operator_name": "VOID",
      "force_vector": [
        0.8456726884507247,
        0.1110563050700909,
        0.9888888888888889,
        0.9999567268845072,
        0.9845615773396137
      ],
      "d2_vector": [
        -0.01051936516065477,
        0.0038350246520985343,
        -0.0003968253968253954,
        1.864742062107627e-05,
        0.001467916665278901
      ],
      "d2_magnitude": 0.011299427194484941,
      "master_lemma_defect": 0.15437058466476805,
      "lens_mismatch": 1.5089375220835812,
      "coherence_action": 0.5556071930803494,
      "coherence_band": "YELLOW",
      "collapse_distance": 0.15867852120536485,
      "step_hash": "cdd3efb514385eb2"
    },
    {
      "level": 9,
      "operator": 0,
      "operator_name": "VOID",
      "force_vector": [
        0.8412558791039504,
        0.09988925441511257,
        0.99,
        0.9999125587910395,
        0.9812558791039504
      ],
      "d2_vector": [
        0.0030509052587689434,
        0.002816417944277644,
        -0.0002777777777778212,
        -3.229900853762846e-05,
        -0.003507678631544997
      ],
      "d2_magnitude": 0.005442632270952189,
      "master_lemma_defect": 0.15883156210501015,
      "lens_mismatch": 1.5123159757238147,
      "coherence_action": 0.5565394792430727,
      "coherence_band": "YELLOW",
      "collapse_distance": 0.15774623504264162,
      "step_hash": "eb2fc0bd83daf507"
    },
    {
      "level": 10,
      "operator": 0,
      "operator_name": "VOID",
      "force_vector": [
        0.8527900303332702,
        0.09094442705606152,
        0.990909090909091,
        0.9999720996966672,
        0.9881190605758207
      ],
      "d2_vector": [
        0.01595096057609413,
        0.002222223295927292,
        -0.0002020202020200923,
        0.00010370899909550868,
        0.010168879707533551
      ],
      "d2_magnitude": 0.0190480734433138,