{
  "problems": [
    "navier_stokes",
    "p_vs_np",
    "riemann",
    "yang_mills",
    "bsd",
    "hodge"
  ],
  "test_cases": {
    "navier_stokes": "high_strain",
    "riemann": "off_line",
    "p_vs_np": "hard",
    "yang_mills": "excited",
    "bsd": "rank_mismatch",
    "hodge": "analytic_only"
  },
  "matrix": {
    "navier_stokes": {
      "navier_stokes": 1.0,
      "p_vs_np": -0.8312242108392739,
      "riemann": 0.03224227035947972,
      "yang_mills": 0.0,
      "bsd": 0.0,
      "hodge": -0.06954005742603793
    },
    "p_vs_np": {
      "navier_stokes": -0.8312242108392739,
      "p_vs_np": 1.0,
      "riemann": 0.2658506086511261,
      "yang_mills": 0.0,
      "bsd": 0.0,
      "hodge": -0.15047671495196535
    },
    "riemann": {
      "navier_stokes": 0.03224227035947972,
      "p_vs_np": 0.2658506086511261,
      "riemann": 1.0,
      "yang_mills": 0.0,
      "bsd": 0.0,
      "hodge": -0.6641328240001995
    },
    "yang_mills": {
      "navier_stokes": 0.0,
      "p_vs_np": 0.0,
      "riemann": 0.0,
      "yang_mills": 0.0,
      "bsd": 0.0,
      "hodge": 0.0
    },
    "bsd": {
      "navier_stokes": 0.0,
      "p_vs_np": 0.0,
      "riemann": 0.0,
      "yang_mills": 0.0,
      "bsd": 0.0,
      "hodge": 0.0
    },
    "hodge": {
      "navier_stokes": -0.06954005742603793,
      "p_vs_np": -0.15047671495196535,
      "riemann": -0.6641328240001995,
      "yang_mills": 0.0,
      "bsd": 0.0,
      "hodge": 0.9999999999999999
    }
  },
  "affirmative_mean_corr": -0.11690510184445961,
  "gap_mean_corr": 0.0,
  "cross_class_mean_corr": -0.08948128964251414,
  "class_separation": 0.010723083367022657,
  "n_levels": 48,
  "seed": 1,
  "elapsed_s": 0.01380300521850586
}