{
  "navier_stokes": {
    "problem_id": "navier_stokes",
    "test_case": "high_strain",
    "n_seeds": 10000,
    "n_levels": 12,
    "problem_class": "affirmative",
    "supports_conjecture": 10000,
    "supports_gap": 0,
    "inconclusive": 0,
    "falsifications": 0,
    "delta_mean": 0.010000000000000009,
    "delta_std": 0.0,
    "delta_min": 0.010000000000000009,
    "delta_max": 0.010000000000000009,
    "delta_ci_lower": 0.010000000000000009,
    "delta_ci_upper": 0.010000000000000009,
    "empirical_lower_bound": 0.010000000000000009,
    "bound_confidence": 0.9999,
    "class_flips": 0,
    "anomalous_seeds": [],
    "elapsed_s": 6.737452983856201,
    "probes_per_second": 1484.2404130999175,
    "hunt_hash": "06857b1c42d252a8"
  },
  "p_vs_np": {
    "problem_id": "p_vs_np",
    "test_case": "hard",
    "n_seeds": 10000,
    "n_levels": 12,
    "problem_class": "gap",
    "supports_conjecture": 0,
    "supports_gap": 10000,
    "inconclusive": 0,
    "falsifications": 0,
    "delta_mean": 0.8483276794990412,
    "delta_std": 0.017343220952408065,
    "delta_min": 0.7734750192050999,
    "delta_max": 0.8700000000000001,
    "delta_ci_lower": 0.8477569140974974,
    "delta_ci_upper": 0.848898444900585,
    "empirical_lower_bound": 0.7734750192050999,
    "bound_confidence": 0.9999,
    "class_flips": 0,
    "anomalous_seeds": [],
    "elapsed_s": 6.41532826423645,
    "probes_per_second": 1558.7666894221188,
    "hunt_hash": "fba594a8abac6cfc"
  },
  "riemann": {
    "problem_id": "riemann",
    "test_case": "off_line",
    "n_seeds": 10000,
    "n_levels": 12,
    "problem_class": "affirmative",
    "supports_conjecture": 16,
    "supports_gap": 0,
    "inconclusive": 9984,
    "falsifications": 0,
    "delta_mean": 0.30932654368312806,
    "delta_std": 0.16872912139934312,
    "delta_min": 4.2685230791264296e-05,
    "delta_max": 0.9495320171767131,
    "delta_ci_lower": 0.30377366829787567,
    "delta_ci_upper": 0.31487941906838046,
    "empirical_lower_bound": 4.2685230791264296e-05,
    "bound_confidence": 0.9999,
    "class_flips": 0,
    "anomalous_seeds": [],
    "elapsed_s": 6.660954475402832,
    "probes_per_second": 1501.286345211845,
    "hunt_hash": "0a2f16cb56ec246e"
  },
  "yang_mills": {
    "problem_id": "yang_mills",
    "test_case": "excited",
    "n_seeds": 10000,
    "n_levels": 12,
    "problem_class": "gap",
    "supports_conjecture": 0,
    "supports_gap": 10000,
    "inconclusive": 0,
    "falsifications": 0,
    "delta_mean": 1.0,
    "delta_std": 0.0,
    "delta_min": 1.0,
    "delta_max": 1.0,
    "delta_ci_lower": 1.0,
    "delta_ci_upper": 1.0,
    "empirical_lower_bound": 1.0,
    "bound_confidence": 0.9999,
    "class_flips": 0,
    "anomalous_seeds": [],
    "elapsed_s": 6.652228355407715,
    "probes_per_second": 1503.255670991935,
    "hunt_hash": "896e196cb78fdbfa"
  },
  "bsd": {
    "problem_id": "bsd",
    "test_case": "rank_mismatch",
    "n_seeds": 10000,
    "n_levels": 12,
    "problem_class": "affirmative",
    "supports_conjecture": 0,
    "supports_gap": 0,
    "inconclusive": 10000,
    "falsifications": 0,
    "delta_mean": 1.3,
    "delta_std": 0.0,
    "delta_min": 1.3,
    "delta_max": 1.3,
    "delta_ci_lower": 1.3,
    "delta_ci_upper": 1.3,
    "empirical_lower_bound": 1.3,
    "bound_confidence": 0.9999,
    "class_flips": 0,
    "anomalous_seeds": [],
    "elapsed_s": 6.528497695922852,
    "probes_per_second": 1531.7459645034655,
    "hunt_hash": "fb2568b0a4faa6b8"
  },
  "hodge": {
    "problem_id": "hodge",
    "test_case": "analytic_only",
    "n_seeds": 10000,
    "n_levels": 12,
    "problem_class": "affirmative",
    "supports_conjecture": 0,
    "supports_gap": 0,
    "inconclusive": 10000,
    "falsifications": 0,
    "delta_mean": 0.6000072176650184,
    "delta_std": 0.020001803487797162,
    "delta_min": 0.5285913831804777,
    "delta_max": 0.6765249807949001,
    "delta_ci_lower": 0.599348958312235,
    "delta_ci_upper": 0.6006654770178018,
    "empirical_lower_bound": 0.5285913831804777,
    "bound_confidence": 0.9999,
    "class_flips": 0,
    "anomalous_seeds": [],
    "elapsed_s": 6.478099346160889,
    "probes_per_second": 1543.6626494353306,
    "hunt_hash": "7f6e010b4d83d59e"
  }
}