{
  "eigenvalues": [
    47.69038721943962,
    -7.0066187880900905,
    -4.448905720650296,
    -1.3237998183628055,
    -0.7501868446057985,
    0.47346591002654703,
    -0.3384643874680698,
    -0.2958775702890954
  ],
  "analysis": [
    {
      "index": 0,
      "eigenvalue": 47.69038721943962,
      "abs_eigenvalue": 47.69038721943962,
      "variance_fraction": 0.9694684710742069,
      "ipr": 7.596442103634434,
      "dominant_operators": [
        [
          "CHAOS",
          -0.4123964821707197
        ],
        [
          "BREATH",
          -0.4005017728215509
        ],
        [
          "BALANCE",
          -0.37787040160893615
        ]
      ],
      "components": {
        "LATTICE": -0.29744831829917207,
        "COUNTER": -0.3036853890306491,
        "PROGRESS": -0.3162903130494832,
        "COLLAPSE": -0.3512677291727825,
        "BALANCE": -0.37787040160893615,
        "CHAOS": -0.4123964821707197,
        "BREATH": -0.4005017728215509,
        "RESET": -0.3501607256547565
      }
    },
    {
      "index": 1,
      "eigenvalue": -7.0066187880900905,
      "abs_eigenvalue": 7.0066187880900905,
      "variance_fraction": 0.02092613249855799,
      "ipr": 1.5906249035613402,
      "dominant_operators": [
        [
          "RESET",
          0.8867093114279228
        ],
        [
          "LATTICE",
          -0.27212406050869836
        ],
        [
          "COUNTER",
          -0.23328591778410004
        ]
      ],
      "components": {
        "LATTICE": -0.27212406050869836,
        "COUNTER": -0.23328591778410004,
        "PROGRESS": -0.16115269724241718,
        "COLLAPSE": -0.17164301766203818,
        "BALANCE": -0.05201246281837489,
        "CHAOS": 0.0750414247898434,
        "BREATH": -0.14664495974750347,
        "RESET": 0.8867093114279228
      }
    },
    {
      "index": 2,
      "eigenvalue": -4.448905720650296,
      "abs_eigenvalue": 4.448905720650296,
      "variance_fraction": 0.008436812494132534,
      "ipr": 5.136129590888291,
      "dominant_operators": [
        [
          "LATTICE",
          0.5405535921025264
        ],
        [
          "CHAOS",
          -0.4851916133111861
        ],
        [
          "COUNTER",
          0.4190509966230448
        ]
      ],
      "components": {
        "LATTICE": 0.5405535921025264,
        "COUNTER": 0.4190509966230448,
        "PROGRESS": 0.20335647554757727,
        "COLLAPSE": -0.05619560240114282,
        "BALANCE": -0.30496811667016394,
        "CHAOS": -0.4851916133111861,
        "BREATH": -0.28628568592241693,
        "RESET": 0.2780473460420013
      }
    },
    {
      "index": 3,
      "eigenvalue": -1.3237998183628055,
      "abs_eigenvalue": 1.3237998183628055,
      "variance_fraction": 0.000746993162445608,
      "ipr": 3.560978367703604,
      "dominant_operators": [
        [
          "COLLAPSE",
          0.6762523048454957
        ],
        [
          "BREATH",
          -0.45516319993245274
        ],
        [
          "LATTICE",
          -0.31441508267778745
        ]
      ],
      "components": {
        "LATTICE": -0.31441508267778745,
        "COUNTER": -0.07690554512049011,
        "PROGRESS": 0.21869853517183158,
        "COLLAPSE": 0.6762523048454957,
        "BALANCE": 0.2958094272796804,
        "CHAOS": -0.3080882530262644,
        "BREATH": -0.45516319993245274,
        "RESET": 0.0220756953736847
      }
    },
    {
      "index": 4,
      "eigenvalue": -0.7501868446057985,
      "abs_eigenvalue": 0.7501868446057985,
      "variance_fraction": 0.00023988930171338634,
      "ipr": 3.3256938406075554,
      "dominant_operators": [
        [
          "PROGRESS",
          -0.6609647287197827
        ],
        [
          "LATTICE",
          0.5408383553574178
        ],
        [
          "BALANCE",
          0.35385577319775635
        ]
      ],
      "components": {
        "LATTICE": 0.5408383553574178,
        "COUNTER": -0.18009984723343922,
        "PROGRESS": -0.6609647287197827,
        "COLLAPSE": 0.13917711659407764,
        "BALANCE": 0.35385577319775635,
        "CHAOS": 0.0968442425605547,
        "BREATH": -0.29003565329402253,
        "RESET": -0.009994012283239137
      }
    },
    {
      "index": 5,
      "eigenvalue": 0.47346591002654703,
      "abs_eigenvalue": 0.47346591002654703,
      "variance_fraction": 9.555412103890293e-05,
      "ipr": 3.123837425086923,
      "dominant_operators": [
        [
          "BREATH",
          0.659620162523695
        ],
        [
          "CHAOS",
          -0.5734572620712773
        ],
        [
          "PROGRESS",
          -0.34786408973166544
        ]
      ],
      "components": {
        "LATTICE": -0.02948711878562089,
        "COUNTER": -0.09176640470922294,
        "PROGRESS": -0.34786408973166544,
        "COLLAPSE": 0.296754782665321,
        "BALANCE": -0.06729007655489977,
        "CHAOS": -0.5734572620712773,
        "BREATH": 0.659620162523695,
        "RESET": 0.11470251174254034
      }
    },
    {
      "index": 6,
      "eigenvalue": -0.3384643874680698,
      "abs_eigenvalue": 0.3384643874680698,
      "variance_fraction": 4.8831262397329776e-05,
      "ipr": 3.260941347458683,
      "dominant_operators": [
        [
          "COUNTER",
          0.6990109436421373
        ],
        [
          "BALANCE",
          0.43701075322823235
        ],
        [
          "LATTICE",
          -0.3576380566539772
        ]
      ],
      "components": {
        "LATTICE": -0.3576380566539772,
        "COUNTER": 0.6990109436421373,
        "PROGRESS": -0.30958227806088623,
        "COLLAPSE": -0.27164552056062075,
        "BALANCE": 0.43701075322823235,
        "CHAOS": -0.14549023917968307,
        "BREATH": -0.04108349428664465,
        "RESET": -0.0035473560304820073
      }
    },
    {
      "index": 7,
      "eigenvalue": -0.2958775702890954,
      "abs_eigenvalue": 0.2958775702890954,
      "variance_fraction": 3.731608550732249e-05,
      "ipr": 4.478862464590742,
      "dominant_operators": [
        [
          "BALANCE",
          -0.5943733109598172
        ],
        [
          "COLLAPSE",
          0.45326545393704876
        ],
        [
          "COUNTER",
          0.3773080135295955
        ]
      ],
      "components": {
        "LATTICE": -0.15854768089064067,
        "COUNTER": 0.3773080135295955,
        "PROGRESS": -0.36205297427764893,
        "COLLAPSE": 0.45326545393704876,
        "BALANCE": -0.5943733109598172,
        "CHAOS": 0.36683675435057383,
        "BREATH": -0.08973996165784803,
        "RESET": -0.008201832255547187
      }
    }
  ]
}