{
  "eigenvalues": [
    9.79225974232447,
    9.075768318320288,
    4.907590781580348,
    -3.0976236513124653,
    1.2467764034291848,
    0.5401467638366583,
    -0.4649183581784849,
    -1.1102230246251565e-16
  ],
  "analysis": [
    {
      "index": 0,
      "eigenvalue": 9.79225974232447,
      "ipr": 3.9715487313804667,
      "dominant_operators": [
        [
          "PROGRESS",
          -0.6081014975734371
        ],
        [
          "LATTICE",
          -0.49905320695997385
        ],
        [
          "RESET",
          0.4469554102631883
        ]
      ],
      "components": {
        "LATTICE": -0.49905320695997385,
        "COUNTER": -0.09270465300357023,
        "PROGRESS": -0.6081014975734371,
        "COLLAPSE": -0.3202374476490298,
        "BALANCE": -0.17289034329462755,
        "CHAOS": 0.0,
        "BREATH": -0.20087827194239277,
        "RESET": 0.4469554102631883
      }
    },
    {
      "index": 1,
      "eigenvalue": 9.075768318320288,
      "ipr": 2.399765820338512,
      "dominant_operators": [
        [
          "RESET",
          -0.7553304337346121
        ],
        [
          "COUNTER",
          -0.5271142338314565
        ],
        [
          "LATTICE",
          -0.3412207377702787
        ]
      ],
      "components": {
        "LATTICE": -0.3412207377702787,
        "COUNTER": -0.5271142338314565,
        "PROGRESS": -0.10736499855971171,
        "COLLAPSE": -0.07529593726994005,
        "BALANCE": -0.13014190922827124,
        "CHAOS": 0.0,
        "BREATH": -0.03257745937607809,
        "RESET": -0.7553304337346121
      }
    },
    {
      "index": 2,
      "eigenvalue": 4.907590781580348,
      "ipr": 3.3099739104195702,
      "dominant_operators": [
        [
          "COUNTER",
          -0.6693419612104738
        ],
        [
          "LATTICE",
          0.5224179857630389
        ],
        [
          "COLLAPSE",
          0.3504848827967335
        ]
      ],
      "components": {
        "LATTICE": 0.5224179857630389,
        "COUNTER": -0.6693419612104738,
        "PROGRESS": -0.3002558311243939,
        "COLLAPSE": 0.3504848827967335,
        "BALANCE": -0.024745406870877396,
        "CHAOS": 0.0,
        "BREATH": -0.06985424931383497,
        "RESET": 0.24612114621169695
      }
    },
    {
      "index": 3,
      "eigenvalue": -3.0976236513124653,
      "ipr": 4.321587767188833,
      "dominant_operators": [
        [
          "PROGRESS",
          0.5936537840491547
        ],
        [
          "COUNTER",
          -0.5101730051919875
        ],
        [
          "RESET",
          0.3784723984932763
        ]
      ],
      "components": {
        "LATTICE": -0.23648128811488295,
        "COUNTER": -0.5101730051919875,
        "PROGRESS": 0.5936537840491547,
        "COLLAPSE": -0.31637823973111406,
        "BALANCE": 0.11454901399704903,
        "CHAOS": 0.0,
        "BREATH": 0.27371018655635326,
        "RESET": 0.3784723984932763
      }
    },
    {
      "index": 4,
      "eigenvalue": 1.2467764034291848,
      "ipr": 2.821165001096114,
      "dominant_operators": [
        [
          "COLLAPSE",
          0.6825676649108784
        ],
        [
          "BALANCE",
          0.5124773490626935
        ],
        [
          "LATTICE",
          -0.511325879495083
        ]
      ],
      "components": {
        "LATTICE": -0.511325879495083,
        "COUNTER": -0.018845173623946998,
        "PROGRESS": -0.025929294751234067,
        "COLLAPSE": 0.6825676649108784,
        "BALANCE": 0.5124773490626935,
        "CHAOS": 0.0,
        "BREATH": 0.029061754338878032,
        "RESET": 0.09023380748864493
      }
    },
    {
      "index": 5,
      "eigenvalue": 0.5401467638366583,
      "ipr": 2.479871186083936,
      "dominant_operators": [
        [
          "BALANCE",
          0.7586323420071841
        ],
        [
          "BREATH",
          -0.4576105289397582
        ],
        [
          "COLLAPSE",
          -0.4052029090908926
        ]
      ],
      "components": {
        "LATTICE": 0.18098282290491718,
        "COUNTER": -0.0592760739834301,
        "PROGRESS": -0.06536337736077472,
        "COLLAPSE": -0.4052029090908926,
        "BALANCE": 0.7586323420071841,
        "CHAOS": 1.1102230246251565e-16,
        "BREATH": -0.4576105289397582,
        "RESET": -0.10168269122578856
      }
    },
    {
      "index": 6,
      "eigenvalue": -0.4649183581784849,
      "ipr": 2.0483932287135476,
      "dominant_operators": [
        [
          "BREATH",
          -0.817641587046761
        ],
        [
          "PROGRESS",
          0.41371759313187506
        ],
        [
          "BALANCE",
          -0.3182485463397343
        ]
      ],
      "components": {
        "LATTICE": -0.10705800312556654,
        "COUNTER": -0.03731597545623791,
        "PROGRESS": 0.41371759313187506,
        "COLLAPSE": 0.19686452344662303,
        "BALANCE": -0.3182485463397343,
        "CHAOS": 0.0,
        "BREATH": -0.817641587046761,
        "RESET": 0.08607155376846255
      }
    },
    {
      "index": 7,
      "eigenvalue": -1.1102230246251565e-16,
      "ipr": 1.0000000000000004,
      "dominant_operators": [
        [
          "CHAOS",
          0.9999999999999999
        ],
        [
          "BALANCE",
          -1.0353637007819114e-16
        ],
        [
          "PROGRESS",
          2.4755807268213093e-17
        ]
      ],
      "components": {
        "LATTICE": -7.659398234134295e-18,
        "COUNTER": 2.1073495717471023e-17,
        "PROGRESS": 2.4755807268213093e-17,
        "COLLAPSE": 2.1287368264723678e-17,
        "BALANCE": -1.0353637007819114e-16,
        "CHAOS": 0.9999999999999999,
        "BREATH": 1.9060208506757268e-18,
        "RESET": 2.308518206410027e-17
      }
    }
  ]
}