{
  "TSML": {
    "EV0": {
      "LATTICE": -0.34116534132435133,
      "COUNTER": -0.33404638802822406,
      "PROGRESS": -0.3397561467187213,
      "COLLAPSE": -0.3542295873381186,
      "BALANCE": -0.3658744221416538,
      "CHAOS": -0.3658744221416538,
      "BREATH": -0.37242492516690856,
      "RESET": -0.3530975365318959
    },
    "EV1": {
      "LATTICE": -0.4349013203293796,
      "COUNTER": 0.6441009587649925,
      "PROGRESS": -0.2955656536901918,
      "COLLAPSE": -0.3303326468267929,
      "BALANCE": 0.013824124813440142,
      "CHAOS": 0.013824124813440253,
      "BREATH": -0.04370903903899881,
      "RESET": 0.44409840164702974
    },
    "EV2": {
      "LATTICE": 0.3545223007208515,
      "COUNTER": 0.5531430719650083,
      "PROGRESS": -0.4305648905115451,
      "COLLAPSE": 0.2716550835074209,
      "BALANCE": -0.0406395109236032,
      "CHAOS": -0.0406395109236032,
      "BREATH": -0.08915666696420567,
      "RESET": -0.5458131731020044
    },
    "EV3": {
      "LATTICE": 0.324062204746721,
      "COUNTER": -0.33020735784488864,
      "PROGRESS": -0.6697735576765328,
      "COLLAPSE": 0.23057027779582676,
      "BALANCE": -0.059017710933855744,
      "CHAOS": -0.059017710933855355,
      "BREATH": 0.007854544088671117,
      "RESET": 0.5264595354285854
    },
    "EV4": {
      "LATTICE": -0.12974544006502414,
      "COUNTER": -0.2042431212739697,
      "PROGRESS": -0.3813420915627672,
      "COLLAPSE": -0.3470089743647351,
      "BALANCE": 0.35937830293949435,
      "CHAOS": 0.3593783029394946,
      "BREATH": 0.5671335596878521,
      "RESET": -0.30930219096526357
    },
    "EV5": {
      "LATTICE": -0.4628005756457322,
      "COUNTER": 0.023697823011398444,
      "PROGRESS": -0.02762939874194595,
      "COLLAPSE": 0.5236654696369338,
      "BALANCE": -0.3047935598266811,
      "CHAOS": -0.3047935598266809,
      "BREATH": 0.5681011582347075,
      "RESET": -0.04156895945690599
    },
    "EV6": {
      "LATTICE": 0.48243800136950377,
      "COUNTER": 0.12753810772593638,
      "PROGRESS": 0.130532705286185,
      "COLLAPSE": -0.49376295134068854,
      "BALANCE": -0.37250270067233093,
      "CHAOS": -0.3725027006723305,
      "BREATH": 0.45497163579927985,
      "RESET": 0.07504167674070784
    },
    "EV7": {
      "LATTICE": -1.2254651763594058e-16,
      "COUNTER": 1.5797453734388913e-17,
      "PROGRESS": 6.760249496285704e-17,
      "COLLAPSE": 1.5746605286108337e-16,
      "BALANCE": -0.7071067811865475,
      "CHAOS": 0.7071067811865476,
      "BREATH": -2.9273248515091493e-16,
      "RESET": -3.528153432629076e-17
    }
  },
  "BHML": {
    "EV0": {
      "LATTICE": -0.29744831829917207,
      "COUNTER": -0.3036853890306491,
      "PROGRESS": -0.3162903130494832,
      "COLLAPSE": -0.3512677291727825,
      "BALANCE": -0.37787040160893615,
      "CHAOS": -0.4123964821707197,
      "BREATH": -0.4005017728215509,
      "RESET": -0.3501607256547565
    },
    "EV1": {
      "LATTICE": -0.27212406050869836,
      "COUNTER": -0.23328591778410004,
      "PROGRESS": -0.16115269724241718,
      "COLLAPSE": -0.17164301766203818,
      "BALANCE": -0.05201246281837489,
      "CHAOS": 0.0750414247898434,
      "BREATH": -0.14664495974750347,
      "RESET": 0.8867093114279228
    },
    "EV2": {
      "LATTICE": 0.5405535921025264,
      "COUNTER": 0.4190509966230448,
      "PROGRESS": 0.20335647554757727,
      "COLLAPSE": -0.05619560240114282,
      "BALANCE": -0.30496811667016394,
      "CHAOS": -0.4851916133111861,
      "BREATH": -0.28628568592241693,
      "RESET": 0.2780473460420013
    },
    "EV3": {
      "LATTICE": -0.31441508267778745,
      "COUNTER": -0.07690554512049011,
      "PROGRESS": 0.21869853517183158,
      "COLLAPSE": 0.6762523048454957,
      "BALANCE": 0.2958094272796804,
      "CHAOS": -0.3080882530262644,
      "BREATH": -0.45516319993245274,
      "RESET": 0.0220756953736847
    },
    "EV4": {
      "LATTICE": 0.5408383553574178,
      "COUNTER": -0.18009984723343922,
      "PROGRESS": -0.6609647287197827,
      "COLLAPSE": 0.13917711659407764,
      "BALANCE": 0.35385577319775635,
      "CHAOS": 0.0968442425605547,
      "BREATH": -0.29003565329402253,
      "RESET": -0.009994012283239137
    },
    "EV5": {
      "LATTICE": -0.02948711878562089,
      "COUNTER": -0.09176640470922294,
      "PROGRESS": -0.34786408973166544,
      "COLLAPSE": 0.296754782665321,
      "BALANCE": -0.06729007655489977,
      "CHAOS": -0.5734572620712773,
      "BREATH": 0.659620162523695,
      "RESET": 0.11470251174254034
    },
    "EV6": {
      "LATTICE": -0.3576380566539772,
      "COUNTER": 0.6990109436421373,
      "PROGRESS": -0.30958227806088623,
      "COLLAPSE": -0.27164552056062075,
      "BALANCE": 0.43701075322823235,
      "CHAOS": -0.14549023917968307,
      "BREATH": -0.04108349428664465,
      "RESET": -0.0035473560304820073
    },
    "EV7": {
      "LATTICE": -0.15854768089064067,
      "COUNTER": 0.3773080135295955,
      "PROGRESS": -0.36205297427764893,
      "COLLAPSE": 0.45326545393704876,
      "BALANCE": -0.5943733109598172,
      "CHAOS": 0.36683675435057383,
      "BREATH": -0.08973996165784803,
      "RESET": -0.008201832255547187
    }
  },
  "DIFF": {
    "EV0": {
      "LATTICE": -0.49905320695997385,
      "COUNTER": -0.09270465300357023,
      "PROGRESS": -0.6081014975734371,
      "COLLAPSE": -0.3202374476490298,
      "BALANCE": -0.17289034329462755,
      "CHAOS": 0.0,
      "BREATH": -0.20087827194239277,
      "RESET": 0.4469554102631883
    },
    "EV1": {
      "LATTICE": -0.3412207377702787,
      "COUNTER": -0.5271142338314565,
      "PROGRESS": -0.10736499855971171,
      "COLLAPSE": -0.07529593726994005,
      "BALANCE": -0.13014190922827124,
      "CHAOS": 0.0,
      "BREATH": -0.03257745937607809,
      "RESET": -0.7553304337346121
    },
    "EV2": {
      "LATTICE": 0.5224179857630389,
      "COUNTER": -0.6693419612104738,
      "PROGRESS": -0.3002558311243939,
      "COLLAPSE": 0.3504848827967335,
      "BALANCE": -0.024745406870877396,
      "CHAOS": 0.0,
      "BREATH": -0.06985424931383497,
      "RESET": 0.24612114621169695
    },
    "EV3": {
      "LATTICE": -0.23648128811488295,
      "COUNTER": -0.5101730051919875,
      "PROGRESS": 0.5936537840491547,
      "COLLAPSE": -0.31637823973111406,
      "BALANCE": 0.11454901399704903,
      "CHAOS": 0.0,
      "BREATH": 0.27371018655635326,
      "RESET": 0.3784723984932763
    },
    "EV4": {
      "LATTICE": -0.511325879495083,
      "COUNTER": -0.018845173623946998,
      "PROGRESS": -0.025929294751234067,
      "COLLAPSE": 0.6825676649108784,
      "BALANCE": 0.5124773490626935,
      "CHAOS": 0.0,
      "BREATH": 0.029061754338878032,
      "RESET": 0.09023380748864493
    },
    "EV5": {
      "LATTICE": 0.18098282290491718,
      "COUNTER": -0.0592760739834301,
      "PROGRESS": -0.06536337736077472,
      "COLLAPSE": -0.4052029090908926,
      "BALANCE": 0.7586323420071841,
      "CHAOS": 1.1102230246251565e-16,
      "BREATH": -0.4576105289397582,
      "RESET": -0.10168269122578856
    },
    "EV6": {
      "LATTICE": -0.10705800312556654,
      "COUNTER": -0.03731597545623791,
      "PROGRESS": 0.41371759313187506,
      "COLLAPSE": 0.19686452344662303,
      "BALANCE": -0.3182485463397343,
      "CHAOS": 0.0,
      "BREATH": -0.817641587046761,
      "RESET": 0.08607155376846255
    },
    "EV7": {
      "LATTICE": -7.659398234134295e-18,
      "COUNTER": 2.1073495717471023e-17,
      "PROGRESS": 2.4755807268213093e-17,
      "COLLAPSE": 2.1287368264723678e-17,
      "BALANCE": -1.0353637007819114e-16,
      "CHAOS": 0.9999999999999999,
      "BREATH": 1.9060208506757268e-18,
      "RESET": 2.308518206410027e-17
    }
  }
}