{
  "eigenvalues": [
    54.07670005989249,
    5.741604054211722,
    -5.599155137619392,
    3.447921379623842,
    -1.6702777094350385,
    0.5999182476438191,
    -0.5967108943174212,
    5.551115123125785e-17
  ],
  "analysis": [
    {
      "index": 0,
      "eigenvalue": 54.07670005989249,
      "abs_eigenvalue": 54.07670005989249,
      "variance_fraction": 0.973465209509845,
      "ipr": 7.956040933103316,
      "dominant_operators": [
        [
          "BREATH",
          -0.37242492516690856
        ],
        [
          "BALANCE",
          -0.3658744221416538
        ],
        [
          "CHAOS",
          -0.3658744221416538
        ]
      ],
      "components": {
        "LATTICE": -0.34116534132435133,
        "COUNTER": -0.33404638802822406,
        "PROGRESS": -0.3397561467187213,
        "COLLAPSE": -0.3542295873381186,
        "BALANCE": -0.3658744221416538,
        "CHAOS": -0.3658744221416538,
        "BREATH": -0.37242492516690856,
        "RESET": -0.3530975365318959
      }
    },
    {
      "index": 1,
      "eigenvalue": 5.741604054211722,
      "abs_eigenvalue": 5.741604054211722,
      "variance_fraction": 0.010974040318022791,
      "ipr": 3.754783365575178,
      "dominant_operators": [
        [
          "COUNTER",
          0.6441009587649925
        ],
        [
          "RESET",
          0.44409840164702974
        ],
        [
          "LATTICE",
          -0.4349013203293796
        ]
      ],
      "components": {
        "LATTICE": -0.4349013203293796,
        "COUNTER": 0.6441009587649925,
        "PROGRESS": -0.2955656536901918,
        "COLLAPSE": -0.3303326468267929,
        "BALANCE": 0.013824124813440142,
        "CHAOS": 0.013824124813440253,
        "BREATH": -0.04370903903899881,
        "RESET": 0.44409840164702974
      }
    },
    {
      "index": 2,
      "eigenvalue": -5.599155137619392,
      "abs_eigenvalue": 5.599155137619392,
      "variance_fraction": 0.010436264399177634,
      "ipr": 4.200849367950425,
      "dominant_operators": [
        [
          "COUNTER",
          0.5531430719650083
        ],
        [
          "RESET",
          -0.5458131731020044
        ],
        [
          "PROGRESS",
          -0.4305648905115451
        ]
      ],
      "components": {
        "LATTICE": 0.3545223007208515,
        "COUNTER": 0.5531430719650083,
        "PROGRESS": -0.4305648905115451,
        "COLLAPSE": 0.2716550835074209,
        "BALANCE": -0.0406395109236032,
        "CHAOS": -0.0406395109236032,
        "BREATH": -0.08915666696420567,
        "RESET": -0.5458131731020044
      }
    },
    {
      "index": 3,
      "eigenvalue": 3.447921379623842,
      "abs_eigenvalue": 3.447921379623842,
      "variance_fraction": 0.003957444021327287,
      "ipr": 3.291374884302249,
      "dominant_operators": [
        [
          "PROGRESS",
          -0.6697735576765328
        ],
        [
          "RESET",
          0.5264595354285854
        ],
        [
          "COUNTER",
          -0.33020735784488864
        ]
      ],
      "components": {
        "LATTICE": 0.324062204746721,
        "COUNTER": -0.33020735784488864,
        "PROGRESS": -0.6697735576765328,
        "COLLAPSE": 0.23057027779582676,
        "BALANCE": -0.059017710933855744,
        "CHAOS": -0.059017710933855355,
        "BREATH": 0.007854544088671117,
        "RESET": 0.5264595354285854
      }
    },
    {
      "index": 4,
      "eigenvalue": -1.6702777094350385,
      "abs_eigenvalue": 1.6702777094350385,
      "variance_fraction": 0.0009287042698520497,
      "ipr": 5.445535441879662,
      "dominant_operators": [
        [
          "BREATH",
          0.5671335596878521
        ],
        [
          "PROGRESS",
          -0.3813420915627672
        ],
        [
          "CHAOS",
          0.3593783029394946
        ]
      ],
      "components": {
        "LATTICE": -0.12974544006502414,
        "COUNTER": -0.2042431212739697,
        "PROGRESS": -0.3813420915627672,
        "COLLAPSE": -0.3470089743647351,
        "BALANCE": 0.35937830293949435,
        "CHAOS": 0.3593783029394946,
        "BREATH": 0.5671335596878521,
        "RESET": -0.30930219096526357
      }
    },
    {
      "index": 5,
      "eigenvalue": 0.5999182476438191,
      "abs_eigenvalue": 0.5999182476438191,
      "variance_fraction": 0.00011980755787484367,
      "ipr": 4.1237220054472665,
      "dominant_operators": [
        [
          "BREATH",
          0.5681011582347075
        ],
        [
          "COLLAPSE",
          0.5236654696369338
        ],
        [
          "LATTICE",
          -0.4628005756457322
        ]
      ],
      "components": {
        "LATTICE": -0.4628005756457322,
        "COUNTER": 0.023697823011398444,
        "PROGRESS": -0.02762939874194595,
        "COLLAPSE": 0.5236654696369338,
        "BALANCE": -0.3047935598266811,
        "CHAOS": -0.3047935598266809,
        "BREATH": 0.5681011582347075,
        "RESET": -0.04156895945690599
      }
    },
    {
      "index": 6,
      "eigenvalue": -0.5967108943174212,
      "abs_eigenvalue": 0.5967108943174212,
      "variance_fraction": 0.00011852992390049813,
      "ipr": 5.113697188919424,
      "dominant_operators": [
        [
          "COLLAPSE",
          -0.49376295134068854
        ],
        [
          "LATTICE",
          0.48243800136950377
        ],
        [
          "BREATH",
          0.45497163579927985
        ]
      ],
      "components": {
        "LATTICE": 0.48243800136950377,
        "COUNTER": 0.12753810772593638,
        "PROGRESS": 0.130532705286185,
        "COLLAPSE": -0.49376295134068854,
        "BALANCE": -0.37250270067233093,
        "CHAOS": -0.3725027006723305,
        "BREATH": 0.45497163579927985,
        "RESET": 0.07504167674070784
      }
    },
    {
      "index": 7,
      "eigenvalue": 5.551115123125785e-17,
      "abs_eigenvalue": 5.551115123125785e-17,
      "variance_fraction": 1.025794910459247e-36,
      "ipr": 2.0,
      "dominant_operators": [
        [
          "CHAOS",
          0.7071067811865476
        ],
        [
          "BALANCE",
          -0.7071067811865475
        ],
        [
          "BREATH",
          -2.9273248515091493e-16
        ]
      ],
      "components": {
        "LATTICE": -1.2254651763594058e-16,
        "COUNTER": 1.5797453734388913e-17,
        "PROGRESS": 6.760249496285704e-17,
        "COLLAPSE": 1.5746605286108337e-16,
        "BALANCE": -0.7071067811865475,
        "CHAOS": 0.7071067811865476,
        "BREATH": -2.9273248515091493e-16,
        "RESET": -3.528153432629076e-17
      }
    }
  ]
}